	Body_area	Body_site	Gender
SRS011061	Gut	Stool	Female
SRS011084	Gut	Stool	Male
SRS011086	Oral	Tongue_dorsum	Female
SRS011090	Oral	Buccal_mucosa	Female
SRS011098	Oral	Supragingival_plaque	Female
SRS011111	Vaginal	Posterior_fornix	Female
SRS011115	Oral	Tongue_dorsum	Male
SRS011126	Oral	Supragingival_plaque	Male
SRS011132	Skin	Anterior_nares	Male
SRS011134	Gut	Stool	Male
SRS011140	Oral	Tongue_dorsum	Male
SRS011144	Oral	Buccal_mucosa	Male
SRS011152	Oral	Supragingival_plaque	Male
SRS011239	Gut	Stool	Female
SRS011243	Oral	Tongue_dorsum	Female
SRS011247	Oral	Buccal_mucosa	Female
SRS011255	Oral	Supragingival_plaque	Female
SRS011263	Skin	Anterior_nares	Female
SRS011269	Vaginal	Posterior_fornix	Female
SRS011271	Gut	Stool	Male
SRS011302	Gut	Stool	Female
SRS011306	Oral	Tongue_dorsum	Female
SRS011310	Oral	Buccal_mucosa	Female
SRS011343	Oral	Supragingival_plaque	Female
SRS011355	Vaginal	Posterior_fornix	Female
SRS011397	Skin	Anterior_nares	Female
SRS011405	Gut	Stool	Female
SRS011452	Gut	Stool	Male
SRS011529	Gut	Stool	Male
SRS011584	Vaginal	Posterior_fornix	Female
SRS011586	Gut	Stool	Female
SRS012273	Gut	Stool	Female
SRS012279	Oral	Tongue_dorsum	Female
SRS012281	Oral	Buccal_mucosa	Female
SRS012285	Oral	Supragingival_plaque	Female
SRS012291	Skin	Anterior_nares	Female
SRS012294	Vaginal	Posterior_fornix	Female
SRS012663	Skin	Anterior_nares	Male
SRS012849	Gut	Stool	Male
SRS012902	Gut	Stool	Female
SRS012916	Oral	Tongue_dorsum	Female
SRS012918	Oral	Buccal_mucosa	Female
SRS012922	Oral	Supragingival_plaque	Female
SRS012924	Skin	L_Retroauricular_crease	Female
SRS012934	Vaginal	Posterior_fornix	Female
SRS012969	Gut	Stool	Male
SRS012983	Oral	Tongue_dorsum	Male
SRS012985	Oral	Buccal_mucosa	Male
SRS012989	Oral	Supragingival_plaque	Male
SRS012998	Skin	Anterior_nares	Male
SRS013098	Gut	Stool	Female
SRS013155	Skin	Anterior_nares	Male
SRS013158	Gut	Stool	Male
SRS013164	Oral	Tongue_dorsum	Male
SRS013170	Oral	Supragingival_plaque	Male
SRS013215	Gut	Stool	Male
SRS013216	Gut	Stool	Male
SRS013234	Oral	Tongue_dorsum	Male
SRS013239	Oral	Buccal_mucosa	Male
SRS013252	Oral	Supragingival_plaque	Male
SRS013258	Skin	L_Retroauricular_crease	Male
SRS013261	Skin	R_Retroauricular_crease	Male
SRS013269	Skin	Anterior_nares	Male
SRS013382	Gut	Stool	Male
SRS013476	Gut	Stool	Male
SRS013502	Oral	Tongue_dorsum	Male
SRS013506	Oral	Buccal_mucosa	Male
SRS013521	Gut	Stool	Female
SRS013533	Oral	Supragingival_plaque	Female
SRS013542	Vaginal	Posterior_fornix	Female
SRS013637	Skin	Anterior_nares	Male
SRS013638	Gut	Stool	Male
SRS013639	Gut	Stool	Male
SRS013651	Oral	Tongue_dorsum	Male
SRS013663	Oral	Supragingival_plaque	Male
SRS013687	Gut	Stool	Male
SRS013705	Oral	Tongue_dorsum	Male
SRS013711	Oral	Buccal_mucosa	Male
SRS013723	Oral	Supragingival_plaque	Male
SRS013740	Skin	Anterior_nares	Male
SRS013800	Gut	Stool	Male
SRS013818	Oral	Tongue_dorsum	Male
SRS013825	Oral	Buccal_mucosa	Male
SRS013836	Oral	Supragingival_plaque	Male
SRS013876	Skin	Anterior_nares	Male
SRS013879	Oral	Tongue_dorsum	Male
SRS013881	Oral	Buccal_mucosa	Male
SRS013927	Oral	Tongue_dorsum	Male
SRS013938	Oral	Supragingival_plaque	Male
SRS013940	Gut	Stool	Male
SRS013942	Oral	Saliva	Male
SRS013945	Oral	Buccal_mucosa	Male
SRS013946	Oral	Keratinized_gingiva	Male
SRS013947	Oral	Palatine_Tonsils	Male
SRS013948	Oral	Throat	Male
SRS013949	Oral	Supragingival_plaque	Male
SRS013950	Oral	Subgingival_plaque	Male
SRS013951	Gut	Stool	Male
SRS013956	Skin	Anterior_nares	Male
SRS013965	Gut	Stool	Female
SRS013973	Vaginal	Posterior_fornix	Female
SRS014107	Oral	Subgingival_plaque	Male
SRS014124	Oral	Tongue_dorsum	Female
SRS014126	Oral	Buccal_mucosa	Female
SRS014127	Oral	Tongue_dorsum	Female
SRS014235	Gut	Stool	Male
SRS014271	Oral	Tongue_dorsum	Male
SRS014287	Gut	Stool	Male
SRS014313	Gut	Stool	Female
SRS014343	Vaginal	Posterior_fornix	Female
SRS014344	Gut	Stool	Female
SRS014391	Gut	Stool	Male
SRS014402	Oral	Supragingival_plaque	Female
SRS014404	Oral	Tongue_dorsum	Female
SRS014412	Gut	Stool	Female
SRS014415	Vaginal	Posterior_fornix	Female
SRS014459	Gut	Stool	Female
SRS014464	Skin	Anterior_nares	Female
SRS014465	Vaginal	Vaginal_introitus	Female
SRS014466	Vaginal	Mid_vagina	Female
SRS014468	Oral	Saliva	Female
SRS014470	Oral	Tongue_dorsum	Female
SRS014472	Oral	Buccal_mucosa	Female
SRS014473	Oral	Keratinized_gingiva	Female
SRS014474	Oral	Palatine_Tonsils	Female
SRS014475	Oral	Throat	Female
SRS014476	Oral	Supragingival_plaque	Female
SRS014477	Oral	Subgingival_plaque	Female
SRS014494	Vaginal	Posterior_fornix	Female
SRS014523	Vaginal	Posterior_fornix	Female
SRS014524	Oral	Supragingival_plaque	Female
SRS014528	Oral	Tongue_dorsum	Female
SRS014530	Oral	Buccal_mucosa	Female
SRS014534	Gut	Stool	Female
SRS014573	Oral	Tongue_dorsum	Female
SRS014575	Oral	Buccal_mucosa	Female
SRS014578	Oral	Supragingival_plaque	Female
SRS014613	Gut	Stool	Female
SRS014629	Vaginal	Posterior_fornix	Female
SRS014682	Skin	Anterior_nares	Male
SRS014683	Gut	Stool	Male
SRS014684	Oral	Tongue_dorsum	Male
SRS014686	Oral	Buccal_mucosa	Male
SRS014687	Oral	Keratinized_gingiva	Male
SRS014689	Oral	Throat	Male
SRS014690	Oral	Supragingival_plaque	Male
SRS014691	Oral	Subgingival_plaque	Male
SRS014692	Oral	Saliva	Male
SRS014728	Oral	Tongue_dorsum	Female
SRS014736	Gut	Stool	Female
SRS014744	Vaginal	Posterior_fornix	Female
SRS014787	Oral	Buccal_mucosa	Female
SRS014801	Vaginal	Posterior_fornix	Female
SRS014855	Gut	Stool	Male
SRS014888	Oral	Tongue_dorsum	Male
SRS014890	Oral	Buccal_mucosa	Male
SRS014894	Oral	Supragingival_plaque	Male
SRS014901	Skin	Anterior_nares	Male
SRS014923	Gut	Stool	Male
SRS014935	Oral	Tongue_dorsum	Male
SRS014941	Oral	Supragingival_plaque	Male
SRS014948	Gut	Stool	Male
SRS014979	Gut	Stool	Female
SRS014998	Gut	Stool	Female
SRS015038	Oral	Tongue_dorsum	Female
SRS015040	Oral	Buccal_mucosa	Female
SRS015044	Oral	Supragingival_plaque	Female
SRS015051	Skin	Anterior_nares	Female
SRS015054	Vaginal	Posterior_fornix	Female
SRS015057	Oral	Tongue_dorsum	Female
SRS015059	Oral	Buccal_mucosa	Female
SRS015060	Oral	Keratinized_gingiva	Female
SRS015061	Oral	Palatine_Tonsils	Female
SRS015062	Oral	Throat	Female
SRS015063	Oral	Supragingival_plaque	Female
SRS015064	Oral	Subgingival_plaque	Female
SRS015065	Gut	Stool	Female
SRS015071	Vaginal	Vaginal_introitus	Female
SRS015072	Vaginal	Mid_vagina	Female
SRS015073	Vaginal	Posterior_fornix	Female
SRS015095	Gut	Stool	Female
SRS015116	Oral	Tongue_dorsum	Female
SRS015120	Oral	Buccal_mucosa	Female
SRS015128	Oral	Supragingival_plaque	Female
SRS015133	Gut	Stool	Female
SRS015148	Vaginal	Posterior_fornix	Female
SRS015154	Oral	Buccal_mucosa	Female
SRS015158	Oral	Supragingival_plaque	Female
SRS015168	Vaginal	Posterior_fornix	Female
SRS015174	Oral	Tongue_dorsum	Female
SRS015190	Gut	Stool	Female
SRS015209	Oral	Tongue_dorsum	Female
SRS015215	Oral	Supragingival_plaque	Female
SRS015217	Gut	Stool	Female
SRS015225	Vaginal	Posterior_fornix	Female
SRS015246	Gut	Stool	Female
SRS015264	Gut	Stool	Male
SRS015269	Skin	Anterior_nares	Male
SRS015272	Oral	Tongue_dorsum	Male
SRS015274	Oral	Buccal_mucosa	Male
SRS015278	Oral	Supragingival_plaque	Male
SRS015280	Gut	Stool	Male
SRS015290	Skin	Anterior_nares	Male
SRS015296	Oral	Tongue_dorsum	Male
SRS015308	Oral	Supragingival_plaque	Male
SRS015369	Gut	Stool	Female
SRS015374	Oral	Buccal_mucosa	Female
SRS015378	Oral	Supragingival_plaque	Female
SRS015381	Skin	R_Retroauricular_crease	Female
SRS015388	Gut	Stool	Female
SRS015395	Oral	Tongue_dorsum	Female
SRS015425	Vaginal	Posterior_fornix	Female
SRS015430	Skin	Anterior_nares	Male
SRS015431	Gut	Stool	Male
SRS015434	Oral	Tongue_dorsum	Male
SRS015436	Oral	Buccal_mucosa	Male
SRS015440	Oral	Supragingival_plaque	Male
SRS015450	Skin	Anterior_nares	Male
SRS015453	Gut	Stool	Male
SRS015470	Oral	Supragingival_plaque	Male
SRS015481	Vaginal	Posterior_fornix	Female
SRS015484	Oral	Tongue_dorsum	Female
SRS015486	Gut	Stool	Female
SRS015540	Oral	Buccal_mucosa	Male
SRS015574	Oral	Supragingival_plaque	Male
SRS015578	Gut	Stool	Male
SRS015579	Gut	Stool	Female
SRS015584	Skin	Anterior_nares	Female
SRS015587	Vaginal	Posterior_fornix	Female
SRS015590	Oral	Tongue_dorsum	Female
SRS015592	Oral	Buccal_mucosa	Female
SRS015596	Oral	Supragingival_plaque	Female
SRS015640	Skin	Anterior_nares	Male
SRS015644	Oral	Tongue_dorsum	Male
SRS015646	Oral	Buccal_mucosa	Male
SRS015650	Oral	Supragingival_plaque	Male
SRS015663	Gut	Stool	Male
SRS015686	Oral	Tongue_dorsum	Female
SRS015688	Oral	Buccal_mucosa	Female
SRS015692	Oral	Supragingival_plaque	Female
SRS015694	Gut	Stool	Female
SRS015702	Vaginal	Posterior_fornix	Female
SRS015745	Oral	Buccal_mucosa	Male
SRS015752	Skin	Anterior_nares	Male
SRS015755	Oral	Supragingival_plaque	Male
SRS015762	Oral	Tongue_dorsum	Male
SRS015782	Gut	Stool	Male
SRS015793	Skin	Anterior_nares	Male
SRS015794	Gut	Stool	Male
SRS015797	Oral	Tongue_dorsum	Male
SRS015799	Oral	Buccal_mucosa	Male
SRS015803	Oral	Supragingival_plaque	Male
SRS015816	Gut	Stool	Male
SRS015854	Gut	Stool	Male
SRS015890	Gut	Stool	Male
SRS015893	Oral	Tongue_dorsum	Male
SRS015895	Oral	Buccal_mucosa	Male
SRS015899	Oral	Supragingival_plaque	Male
SRS015912	Gut	Stool	Male
SRS015921	Oral	Buccal_mucosa	Male
SRS015937	Skin	Anterior_nares	Male
SRS015941	Oral	Tongue_dorsum	Male
SRS015960	Gut	Stool	Male
SRS015985	Oral	Buccal_mucosa	Male
SRS015989	Oral	Supragingival_plaque	Male
SRS015996	Skin	Anterior_nares	Male
SRS016002	Oral	Tongue_dorsum	Male
SRS016018	Gut	Stool	Male
SRS016033	Skin	Anterior_nares	Male
SRS016037	Oral	Tongue_dorsum	Male
SRS016039	Oral	Buccal_mucosa	Male
SRS016043	Oral	Supragingival_plaque	Male
SRS016053	Skin	Anterior_nares	Male
SRS016056	Gut	Stool	Male
SRS016059	Oral	Tongue_dorsum	Male
SRS016063	Oral	Buccal_mucosa	Male
SRS016071	Oral	Supragingival_plaque	Male
SRS016086	Oral	Tongue_dorsum	Female
SRS016092	Oral	Supragingival_plaque	Female
SRS016095	Gut	Stool	Female
SRS016111	Vaginal	Posterior_fornix	Female
SRS016132	Gut	Stool	Female
SRS016133	Oral	Tongue_dorsum	Female
SRS016139	Oral	Supragingival_plaque	Female
SRS016188	Skin	Anterior_nares	Female
SRS016191	Vaginal	Posterior_fornix	Female
SRS016196	Oral	Buccal_mucosa	Female
SRS016200	Oral	Supragingival_plaque	Female
SRS016203	Gut	Stool	Female
SRS016225	Oral	Tongue_dorsum	Female
SRS016267	Gut	Stool	Male
SRS016292	Skin	Anterior_nares	Male
SRS016297	Oral	Buccal_mucosa	Male
SRS016312	Skin	Anterior_nares	Male
SRS016319	Oral	Tongue_dorsum	Male
SRS016322	Oral	Buccal_mucosa	Male
SRS016331	Oral	Supragingival_plaque	Male
SRS016335	Gut	Stool	Male
SRS016342	Oral	Tongue_dorsum	Male
SRS016349	Oral	Buccal_mucosa	Male
SRS016360	Oral	Supragingival_plaque	Male
SRS016381	Gut	Stool	Male
SRS016393	Oral	Supragingival_plaque	Male
SRS016434	Skin	Anterior_nares	Male
SRS016437	Gut	Stool	Male
SRS016438	Gut	Stool	Male
SRS016456	Oral	Tongue_dorsum	Male
SRS016474	Oral	Supragingival_plaque	Male
SRS016495	Gut	Stool	Female
SRS016501	Oral	Tongue_dorsum	Female
SRS016503	Oral	Buccal_mucosa	Female
SRS016513	Skin	Anterior_nares	Female
SRS016516	Vaginal	Posterior_fornix	Female
SRS016517	Gut	Stool	Female
SRS016529	Oral	Tongue_dorsum	Female
SRS016533	Oral	Buccal_mucosa	Female
SRS016541	Oral	Supragingival_plaque	Female
SRS016553	Skin	Anterior_nares	Female
SRS016559	Vaginal	Posterior_fornix	Female
SRS016569	Oral	Tongue_dorsum	Female
SRS016575	Oral	Supragingival_plaque	Female
SRS016581	Skin	Anterior_nares	Female
SRS016584	Vaginal	Posterior_fornix	Female
SRS016600	Oral	Buccal_mucosa	Female
SRS016629	Gut	Stool	Female
SRS016647	Oral	Tongue_dorsum	Female
SRS016653	Oral	Buccal_mucosa	Female
SRS016665	Oral	Supragingival_plaque	Female
SRS016683	Skin	Anterior_nares	Female
SRS016692	Vaginal	Posterior_fornix	Female
SRS016740	Oral	Tongue_dorsum	Male
SRS016742	Oral	Buccal_mucosa	Male
SRS016746	Oral	Supragingival_plaque	Male
SRS016752	Skin	Anterior_nares	Male
SRS016753	Gut	Stool	Male
SRS016815	Oral	Tongue_dorsum	Female
SRS016840	Gut	Stool	Male
SRS016858	Oral	Tongue_dorsum	Male
SRS016876	Oral	Supragingival_plaque	Male
SRS016897	Gut	Stool	Male
SRS016944	Skin	L_Retroauricular_crease	Male
SRS016954	Gut	Stool	Male
SRS016969	Oral	Tongue_dorsum	Female
SRS016989	Gut	Stool	Male
SRS016990	Gut	Stool	Male
SRS017007	Oral	Tongue_dorsum	Male
SRS017013	Oral	Buccal_mucosa	Male
SRS017025	Oral	Supragingival_plaque	Male
SRS017044	Skin	Anterior_nares	Male
SRS017076	Oral	Tongue_dorsum	Male
SRS017080	Oral	Buccal_mucosa	Male
SRS017103	Gut	Stool	Male
SRS017120	Oral	Tongue_dorsum	Male
SRS017127	Oral	Buccal_mucosa	Male
SRS017139	Oral	Supragingival_plaque	Male
SRS017156	Skin	Anterior_nares	Male
SRS017191	Gut	Stool	Male
SRS017209	Oral	Tongue_dorsum	Male
SRS017215	Oral	Buccal_mucosa	Male
SRS017227	Oral	Supragingival_plaque	Male
SRS017244	Skin	Anterior_nares	Male
SRS017247	Gut	Stool	Male
SRS017248	Gut	Stool	Male
SRS017279	Oral	Tongue_dorsum	Male
SRS017303	Skin	Anterior_nares	Male
SRS017304	Oral	Supragingival_plaque	Male
SRS017307	Gut	Stool	Male
SRS017324	Oral	Tongue_dorsum	Male
SRS017326	Oral	Buccal_mucosa	Male
SRS017336	Skin	Anterior_nares	Male
SRS017375	Gut	Stool	Male
SRS017381	Oral	Tongue_dorsum	Male
SRS017383	Oral	Buccal_mucosa	Male
SRS017433	Gut	Stool	Female
SRS017439	Oral	Tongue_dorsum	Female
SRS017441	Oral	Buccal_mucosa	Female
SRS017445	Oral	Supragingival_plaque	Female
SRS017451	Skin	Anterior_nares	Female
SRS017497	Vaginal	Posterior_fornix	Female
SRS017511	Oral	Supragingival_plaque	Female
SRS017517	Skin	Anterior_nares	Female
SRS017520	Vaginal	Posterior_fornix	Female
SRS017521	Gut	Stool	Female
SRS017533	Oral	Tongue_dorsum	Female
SRS017537	Oral	Buccal_mucosa	Female
SRS017622	Gut	Stool	Male
SRS017630	Oral	Buccal_mucosa	Male
SRS017634	Oral	Supragingival_plaque	Male
SRS017640	Skin	Anterior_nares	Male
SRS017687	Oral	Buccal_mucosa	Female
SRS017697	Skin	Anterior_nares	Female
SRS017700	Vaginal	Posterior_fornix	Female
SRS017701	Gut	Stool	Female
SRS017713	Oral	Tongue_dorsum	Female
SRS017745	Gut	Stool	Male
SRS017751	Oral	Tongue_dorsum	Male
SRS017753	Oral	Buccal_mucosa	Male
SRS017757	Oral	Supragingival_plaque	Male
SRS017763	Skin	Anterior_nares	Male
SRS017788	Oral	Supragingival_plaque	Male
SRS017808	Oral	Tongue_dorsum	Male
SRS017810	Oral	Buccal_mucosa	Male
SRS017814	Oral	Supragingival_plaque	Male
SRS017820	Skin	Anterior_nares	Male
SRS017821	Gut	Stool	Male
SRS017849	Skin	L_Retroauricular_crease	Male
SRS017851	Skin	R_Retroauricular_crease	Male
SRS017859	Gut	Stool	Male
SRS017916	Gut	Stool	Male
SRS018049	Gut	Stool	Male
SRS018055	Oral	Tongue_dorsum	Male
SRS018061	Oral	Supragingival_plaque	Male
SRS018133	Gut	Stool	Male
SRS018145	Oral	Tongue_dorsum	Male
SRS018149	Oral	Buccal_mucosa	Male
SRS018157	Oral	Supragingival_plaque	Male
SRS018300	Oral	Tongue_dorsum	Male
SRS018312	Skin	Anterior_nares	Male
SRS018313	Gut	Stool	Male
SRS018329	Oral	Buccal_mucosa	Male
SRS018337	Oral	Supragingival_plaque	Male
SRS018351	Gut	Stool	Male
SRS018357	Oral	Tongue_dorsum	Male
SRS018359	Oral	Buccal_mucosa	Male
SRS018369	Skin	Anterior_nares	Male
SRS018394	Oral	Supragingival_plaque	Male
SRS018427	Gut	Stool	Male
SRS018439	Oral	Tongue_dorsum	Male
SRS018463	Skin	Anterior_nares	Male
SRS018473	Oral	Tongue_dorsum	Female
SRS018479	Oral	Supragingival_plaque	Female
SRS018488	Vaginal	Posterior_fornix	Female
SRS018501	Oral	Tongue_dorsum	Female
SRS018513	Oral	Supragingival_plaque	Female
SRS018535	Vaginal	Posterior_fornix	Female
SRS018536	Skin	Anterior_nares	Female
SRS018541	Gut	Stool	Female
SRS018569	Oral	Buccal_mucosa	Male
SRS018573	Oral	Supragingival_plaque	Male
SRS018575	Gut	Stool	Male
SRS018585	Skin	Anterior_nares	Male
SRS018591	Oral	Tongue_dorsum	Male
SRS018594	Oral	Buccal_mucosa	Male
SRS018602	Oral	Supragingival_plaque	Male
SRS018606	Gut	Stool	Male
SRS018610	Oral	Tongue_dorsum	Male
SRS018612	Oral	Buccal_mucosa	Male
SRS018616	Oral	Supragingival_plaque	Male
SRS018623	Gut	Stool	Male
SRS018656	Gut	Stool	Female
SRS018661	Oral	Buccal_mucosa	Female
SRS018665	Oral	Supragingival_plaque	Female
SRS018671	Skin	Anterior_nares	Female
SRS018679	Oral	Tongue_dorsum	Female
SRS018683	Oral	Buccal_mucosa	Female
SRS018691	Oral	Supragingival_plaque	Female
SRS018732	Gut	Stool	Female
SRS018739	Oral	Tongue_dorsum	Female
SRS018742	Oral	Buccal_mucosa	Female
SRS018750	Oral	Supragingival_plaque	Female
SRS018762	Skin	Anterior_nares	Female
SRS018769	Vaginal	Posterior_fornix	Female
SRS018774	Oral	Buccal_mucosa	Male
SRS018784	Skin	Anterior_nares	Male
SRS018791	Oral	Tongue_dorsum	Male
SRS018794	Oral	Buccal_mucosa	Male
SRS018814	Skin	Anterior_nares	Male
SRS018817	Gut	Stool	Male
SRS018820	Oral	Tongue_dorsum	Female
SRS018822	Oral	Buccal_mucosa	Female
SRS018826	Oral	Supragingival_plaque	Female
SRS018836	Gut	Stool	Female
SRS018875	Oral	Tongue_dorsum	Male
SRS018888	Gut	Stool	Male
SRS018923	Oral	Tongue_dorsum	Male
SRS018925	Oral	Buccal_mucosa	Male
SRS018929	Oral	Supragingival_plaque	Male
SRS018936	Gut	Stool	Male
SRS018969	Oral	Tongue_dorsum	Male
SRS018971	Oral	Buccal_mucosa	Male
SRS018975	Oral	Supragingival_plaque	Male
SRS018978	Skin	R_Retroauricular_crease	Male
SRS018981	Skin	Anterior_nares	Male
SRS018984	Gut	Stool	Male
SRS019014	Gut	Stool	Male
SRS019016	Skin	R_Retroauricular_crease	Male
SRS019019	Skin	Anterior_nares	Male
SRS019022	Oral	Tongue_dorsum	Male
SRS019024	Oral	Buccal_mucosa	Male
SRS019025	Oral	Keratinized_gingiva	Male
SRS019026	Oral	Palatine_Tonsils	Male
SRS019027	Oral	Throat	Male
SRS019028	Oral	Supragingival_plaque	Male
SRS019029	Oral	Subgingival_plaque	Male
SRS019030	Gut	Stool	Male
SRS019033	Skin	R_Retroauricular_crease	Male
SRS019039	Skin	Anterior_nares	Male
SRS019045	Oral	Tongue_dorsum	Male
SRS019062	Gut	Stool	Male
SRS019063	Skin	L_Retroauricular_crease	Male
SRS019064	Skin	R_Retroauricular_crease	Male
SRS019067	Skin	Anterior_nares	Male
SRS019068	Gut	Stool	Male
SRS019071	Oral	Tongue_dorsum	Male
SRS019073	Oral	Buccal_mucosa	Male
SRS019077	Oral	Supragingival_plaque	Male
SRS019081	Skin	R_Retroauricular_crease	Male
SRS019087	Skin	Anterior_nares	Male
SRS019090	Gut	Stool	Male
SRS019116	Skin	R_Retroauricular_crease	Male
SRS019119	Skin	Anterior_nares	Male
SRS019120	Oral	Saliva	Male
SRS019122	Oral	Tongue_dorsum	Male
SRS019124	Oral	Buccal_mucosa	Male
SRS019125	Oral	Keratinized_gingiva	Male
SRS019126	Oral	Palatine_Tonsils	Male
SRS019127	Oral	Throat	Male
SRS019128	Oral	Supragingival_plaque	Male
SRS019129	Oral	Subgingival_plaque	Male
SRS019161	Gut	Stool	Male
SRS019170	Oral	Tongue_dorsum	Male
SRS019172	Oral	Buccal_mucosa	Male
SRS019176	Oral	Supragingival_plaque	Male
SRS019178	Gut	Stool	Male
SRS019215	Skin	Anterior_nares	Female
SRS019219	Oral	Tongue_dorsum	Female
SRS019221	Oral	Buccal_mucosa	Female
SRS019225	Oral	Supragingival_plaque	Female
SRS019245	Vaginal	Posterior_fornix	Female
SRS019267	Gut	Stool	Female
SRS019270	Oral	Tongue_dorsum	Female
SRS019272	Oral	Buccal_mucosa	Female
SRS019276	Oral	Supragingival_plaque	Female
SRS019285	Vaginal	Posterior_fornix	Female
SRS019286	Gut	Stool	Female
SRS019327	Oral	Tongue_dorsum	Female
SRS019329	Oral	Buccal_mucosa	Female
SRS019333	Oral	Supragingival_plaque	Female
SRS019339	Skin	Anterior_nares	Female
SRS019348	Oral	Tongue_dorsum	Female
SRS019352	Oral	Buccal_mucosa	Female
SRS019360	Oral	Supragingival_plaque	Female
SRS019372	Skin	Anterior_nares	Female
SRS019379	Vaginal	Posterior_fornix	Female
SRS019381	Gut	Stool	Female
SRS019386	Skin	Anterior_nares	Male
SRS019387	Oral	Supragingival_plaque	Male
SRS019389	Oral	Tongue_dorsum	Male
SRS019391	Oral	Buccal_mucosa	Male
SRS019397	Gut	Stool	Male
SRS019428	Gut	Stool	Male
SRS019439	Oral	Buccal_mucosa	Male
SRS019443	Oral	Supragingival_plaque	Male
SRS019445	Gut	Stool	Male
SRS019485	Vaginal	Posterior_fornix	Female
SRS019488	Oral	Tongue_dorsum	Female
SRS019490	Oral	Buccal_mucosa	Female
SRS019494	Oral	Supragingival_plaque	Female
SRS019496	Gut	Stool	Female
SRS019582	Gut	Stool	Male
SRS019587	Oral	Buccal_mucosa	Female
SRS019591	Oral	Supragingival_plaque	Female
SRS019597	Skin	Anterior_nares	Female
SRS019600	Vaginal	Posterior_fornix	Female
SRS019601	Gut	Stool	Female
SRS019607	Oral	Tongue_dorsum	Female
SRS019638	Gut	Stool	Female
SRS019685	Gut	Stool	Male
SRS019693	Gut	Stool	Female
SRS019696	Oral	Tongue_dorsum	Female
SRS019698	Oral	Buccal_mucosa	Female
SRS019787	Gut	Stool	Male
SRS019792	Oral	Tongue_dorsum	Female
SRS019794	Oral	Buccal_mucosa	Female
SRS019798	Oral	Supragingival_plaque	Female
SRS019807	Vaginal	Posterior_fornix	Female
SRS019808	Gut	Stool	Female
SRS019867	Skin	Anterior_nares	Male
SRS019872	Oral	Buccal_mucosa	Male
SRS019894	Oral	Tongue_dorsum	Male
SRS019906	Oral	Supragingival_plaque	Male
SRS019910	Gut	Stool	Male
SRS019968	Gut	Stool	Female
SRS019974	Oral	Tongue_dorsum	Female
SRS019976	Oral	Buccal_mucosa	Female
SRS019980	Oral	Supragingival_plaque	Female
SRS019986	Skin	Anterior_nares	Female
SRS019989	Vaginal	Posterior_fornix	Female
SRS020220	Oral	Tongue_dorsum	Male
SRS020222	Oral	Buccal_mucosa	Male
SRS020226	Oral	Supragingival_plaque	Male
SRS020232	Skin	Anterior_nares	Male
SRS020233	Gut	Stool	Male
SRS020261	Skin	L_Retroauricular_crease	Male
SRS020263	Skin	R_Retroauricular_crease	Male
SRS020271	Gut	Stool	Male
SRS020277	Oral	Tongue_dorsum	Male
SRS020283	Oral	Supragingival_plaque	Male
SRS020328	Gut	Stool	Female
SRS020334	Oral	Tongue_dorsum	Female
SRS020336	Oral	Buccal_mucosa	Female
SRS020340	Oral	Supragingival_plaque	Female
SRS020349	Vaginal	Posterior_fornix	Female
SRS020386	Skin	Anterior_nares	Female
SRS020394	Gut	Stool	Male
SRS020400	Oral	Tongue_dorsum	Male
SRS020402	Oral	Buccal_mucosa	Male
SRS020406	Oral	Supragingival_plaque	Male
SRS020412	Skin	Anterior_nares	Male
SRS020508	Gut	Stool	Male
SRS020540	Oral	Tongue_dorsum	Male
SRS020571	Oral	Tongue_dorsum	Male
SRS020622	Gut	Stool	Male
SRS020628	Oral	Tongue_dorsum	Male
SRS020856	Oral	Tongue_dorsum	Male
SRS020858	Oral	Buccal_mucosa	Male
SRS020862	Oral	Supragingival_plaque	Male
SRS020868	Skin	Anterior_nares	Male
SRS020869	Gut	Stool	Male
SRS020905	Skin	Anterior_nares	Male
SRS021153	Gut	Stool	Female
SRS021219	Gut	Stool	Female
SRS021473	Oral	Buccal_mucosa	Male
SRS021477	Oral	Supragingival_plaque	Male
SRS021483	Skin	Anterior_nares	Male
SRS021484	Gut	Stool	Male
SRS021496	Oral	Tongue_dorsum	Male
SRS021528	Oral	Tongue_dorsum	Male
SRS021897	Oral	Tongue_dorsum	Male
SRS021948	Gut	Stool	Female
SRS021954	Oral	Tongue_dorsum	Female
SRS021960	Oral	Supragingival_plaque	Female
SRS021969	Vaginal	Posterior_fornix	Female
SRS021986	Oral	Buccal_mucosa	Female
SRS022006	Skin	Anterior_nares	Female
SRS022071	Gut	Stool	Female
SRS022077	Oral	Tongue_dorsum	Female
SRS022079	Oral	Buccal_mucosa	Female
SRS022083	Oral	Supragingival_plaque	Female
SRS022092	Vaginal	Posterior_fornix	Female
SRS022093	Gut	Stool	Female
SRS022129	Skin	Anterior_nares	Female
SRS022137	Gut	Stool	Female
SRS022143	Oral	Tongue_dorsum	Female
SRS022145	Oral	Buccal_mucosa	Female
SRS022149	Oral	Supragingival_plaque	Female
SRS022158	Vaginal	Posterior_fornix	Female
SRS022281	Oral	Supragingival_plaque	Female
SRS022464	Oral	Tongue_dorsum	Female
SRS022524	Gut	Stool	Female
SRS022530	Oral	Tongue_dorsum	Female
SRS022532	Oral	Buccal_mucosa	Female
SRS022536	Oral	Supragingival_plaque	Female
SRS022545	Vaginal	Posterior_fornix	Female
SRS022602	Oral	Supragingival_plaque	Male
SRS022609	Gut	Stool	Male
SRS022621	Oral	Tongue_dorsum	Male
SRS022625	Oral	Buccal_mucosa	Male
SRS022645	Skin	Anterior_nares	Male
SRS022713	Gut	Stool	Female
SRS022721	Oral	Buccal_mucosa	Female
SRS022725	Oral	Supragingival_plaque	Female
SRS022734	Vaginal	Posterior_fornix	Female
SRS022883	Oral	Supragingival_plaque	Female
SRS022980	Oral	Supragingival_plaque	Female
SRS023212	Skin	Anterior_nares	Male
SRS023346	Gut	Stool	Female
SRS023352	Oral	Tongue_dorsum	Female
SRS023358	Oral	Supragingival_plaque	Female
SRS023466	Vaginal	Posterior_fornix	Female
SRS023468	Vaginal	Posterior_fornix	Female
SRS023526	Gut	Stool	Male
SRS023534	Oral	Buccal_mucosa	Male
SRS023538	Oral	Supragingival_plaque	Male
SRS023557	Oral	Tongue_dorsum	Male
SRS023583	Gut	Stool	Female
SRS023591	Oral	Buccal_mucosa	Female
SRS023595	Oral	Supragingival_plaque	Female
SRS023604	Vaginal	Posterior_fornix	Female
SRS023617	Oral	Tongue_dorsum	Female
SRS023715	Gut	Stool	Male
SRS023829	Gut	Stool	Female
SRS023835	Oral	Tongue_dorsum	Female
SRS023837	Oral	Buccal_mucosa	Female
SRS023841	Oral	Supragingival_plaque	Female
SRS023847	Skin	Anterior_nares	Female
SRS023850	Vaginal	Posterior_fornix	Female
SRS023914	Gut	Stool	Male
SRS023926	Oral	Tongue_dorsum	Male
SRS023930	Oral	Buccal_mucosa	Male
SRS023938	Oral	Supragingival_plaque	Male
SRS023958	Oral	Tongue_dorsum	Male
SRS023964	Oral	Supragingival_plaque	Male
SRS023970	Skin	Anterior_nares	Male
SRS023971	Gut	Stool	Male
SRS023987	Oral	Buccal_mucosa	Male
SRS024009	Gut	Stool	Female
SRS024015	Oral	Tongue_dorsum	Female
SRS024017	Oral	Buccal_mucosa	Female
SRS024021	Oral	Supragingival_plaque	Female
SRS024064	Skin	Anterior_nares	Female
SRS024068	Vaginal	Posterior_fornix	Female
SRS024075	Gut	Stool	Male
SRS024076	Gut	Stool	Male
SRS024081	Oral	Tongue_dorsum	Male
SRS024087	Oral	Supragingival_plaque	Male
SRS024107	Oral	Tongue_dorsum	Male
SRS024119	Oral	Supragingival_plaque	Male
SRS024132	Gut	Stool	Male
SRS024138	Oral	Tongue_dorsum	Male
SRS024140	Oral	Buccal_mucosa	Male
SRS024144	Oral	Supragingival_plaque	Male
SRS024150	Skin	Anterior_nares	Male
SRS024265	Gut	Stool	Female
SRS024277	Oral	Tongue_dorsum	Female
SRS024281	Oral	Buccal_mucosa	Female
SRS024289	Oral	Supragingival_plaque	Female
SRS024301	Skin	Anterior_nares	Female
SRS024310	Vaginal	Posterior_fornix	Female
SRS024318	Oral	Tongue_dorsum	Male
SRS024331	Gut	Stool	Male
SRS024347	Oral	Buccal_mucosa	Male
SRS024355	Oral	Supragingival_plaque	Male
SRS024375	Oral	Tongue_dorsum	Female
SRS024377	Oral	Buccal_mucosa	Female
SRS024381	Oral	Supragingival_plaque	Female
SRS024388	Gut	Stool	Female
SRS024424	Skin	Anterior_nares	Female
SRS024428	Vaginal	Posterior_fornix	Female
SRS024435	Gut	Stool	Male
SRS024441	Oral	Tongue_dorsum	Male
SRS024447	Oral	Supragingival_plaque	Male
SRS024470	Oral	Buccal_mucosa	Male
SRS024482	Skin	L_Retroauricular_crease	Male
SRS024492	Gut	Stool	Male
SRS024498	Oral	Tongue_dorsum	Male
SRS024500	Oral	Buccal_mucosa	Male
SRS024504	Oral	Supragingival_plaque	Male
SRS024549	Gut	Stool	Male
SRS024557	Oral	Buccal_mucosa	Male
SRS024561	Oral	Supragingival_plaque	Male
SRS024567	Skin	Anterior_nares	Male
SRS024580	Oral	Tongue_dorsum	Male
SRS024596	Skin	L_Retroauricular_crease	Male
SRS024598	Skin	R_Retroauricular_crease	Male
SRS024620	Skin	L_Retroauricular_crease	Male
SRS024625	Gut	Stool	Male
SRS024637	Oral	Tongue_dorsum	Male
SRS024649	Oral	Supragingival_plaque	Male
SRS024655	Skin	R_Retroauricular_crease	Male
SRS024663	Gut	Stool	Male
SRS042131	Oral	Tongue_dorsum	Male
SRS042231	Gut	Stool	Male
SRS042284	Gut	Stool	Female
SRS042307	Oral	Supragingival_plaque	Male
SRS042409	Oral	Buccal_mucosa	Female
SRS042428	Vaginal	Posterior_fornix	Female
SRS042457	Oral	Buccal_mucosa	Male
SRS042589	Oral	Tongue_dorsum	Male
SRS042600	Gut	Stool	Female
SRS042625	Vaginal	Posterior_fornix	Female
SRS042628	Gut	Stool	Male
SRS042643	Oral	Tongue_dorsum	Male
SRS042690	Gut	Stool	Male
SRS042691	Oral	Buccal_mucosa	Male
SRS042858	Vaginal	Posterior_fornix	Female
SRS042893	Gut	Stool	Female
SRS042910	Oral	Tongue_dorsum	Female
SRS042959	Skin	Anterior_nares	Male
SRS042966	Gut	Stool	Female
SRS042967	Gut	Stool	Female
SRS042983	Skin	Anterior_nares	Female
SRS042984	Oral	Supragingival_plaque	Female
SRS043001	Gut	Stool	Female
SRS043018	Oral	Supragingival_plaque	Female
SRS043083	Oral	Supragingival_plaque	Female
SRS043239	Oral	Buccal_mucosa	Female
SRS043275	Oral	Tongue_dorsum	Female
SRS043363	Skin	Anterior_nares	Male
SRS043411	Gut	Stool	Female
SRS043451	Skin	Anterior_nares	Male
SRS043461	Oral	Tongue_dorsum	Male
SRS043494	Oral	Tongue_dorsum	Female
SRS043610	Skin	L_Retroauricular_crease	Female
SRS043646	Oral	Buccal_mucosa	Male
SRS043663	Oral	Tongue_dorsum	Male
SRS043667	Gut	Stool	Male
SRS043676	Oral	Buccal_mucosa	Female
SRS043701	Gut	Stool	Male
SRS043729	Oral	Supragingival_plaque	Male
SRS043755	Oral	Supragingival_plaque	Male
SRS043768	Gut	Stool	Female
SRS043772	Oral	Supragingival_plaque	Male
SRS043803	Oral	Buccal_mucosa	Male
SRS043807	Oral	Buccal_mucosa	Male
SRS043841	Gut	Stool	Male
SRS043867	Oral	Supragingival_plaque	Female
SRS043942	Oral	Tongue_dorsum	Male
SRS044001	Oral	Buccal_mucosa	Female
SRS044082	Oral	Tongue_dorsum	Male
SRS044230	Oral	Supragingival_plaque	Male
SRS044365	Gut	Stool	Male
SRS044366	Oral	Supragingival_plaque	Female
SRS044373	Oral	Tongue_dorsum	Female
SRS044448	Oral	Supragingival_plaque	Female
SRS044472	Oral	Buccal_mucosa	Male
SRS044474	Skin	Anterior_nares	Male
SRS044486	Oral	Tongue_dorsum	Male
SRS044535	Gut	Stool	Male
SRS044626	Skin	Anterior_nares	Male
SRS044742	Vaginal	Posterior_fornix	Female
SRS044902	Vaginal	Posterior_fornix	Female
SRS044973	Gut	Stool	Male
SRS045004	Gut	Stool	Male
SRS045015	Oral	Supragingival_plaque	Female
SRS045049	Oral	Buccal_mucosa	Male
SRS045127	Oral	Tongue_dorsum	Male
SRS045195	Gut	Stool	Male
SRS045197	Oral	Supragingival_plaque	Male
SRS045244	Gut	Stool	Male
SRS045254	Oral	Buccal_mucosa	Male
SRS045262	Oral	Buccal_mucosa	Female
SRS045313	Oral	Supragingival_plaque	Male
SRS045528	Gut	Stool	Female
SRS045588	Oral	Supragingival_plaque	Male
SRS045602	Oral	Tongue_dorsum	Female
SRS045605	Skin	R_Retroauricular_crease	Female
SRS045606	Skin	R_Retroauricular_crease	Female
SRS045638	Oral	Buccal_mucosa	Male
SRS045645	Gut	Stool	Male
SRS045713	Gut	Stool	Male
SRS045715	Oral	Tongue_dorsum	Female
SRS045739	Gut	Stool	Male
SRS045763	Oral	Supragingival_plaque	Female
SRS045826	Gut	Stool	Female
SRS045840	Skin	Anterior_nares	Male
SRS045936	Gut	Stool	Male
SRS045938	Gut	Stool	Male
SRS045978	Oral	Buccal_mucosa	Female
SRS046034	Vaginal	Posterior_fornix	Female
SRS046035	Skin	Anterior_nares	Male
SRS046049	Skin	Anterior_nares	Male
SRS046068	Gut	Stool	Male
SRS046344	Skin	Anterior_nares	Male
SRS046369	Gut	Stool	Female
SRS046496	Oral	Tongue_dorsum	Female
SRS046502	Gut	Stool	Female
SRS046595	Oral	Tongue_dorsum	Male
SRS046623	Oral	Buccal_mucosa	Male
SRS046686	Oral	Buccal_mucosa	Male
SRS046688	Skin	R_Retroauricular_crease	Male
SRS046712	Gut	Stool	Female
SRS046717	Gut	Stool	Male
SRS046810	Gut	Stool	Male
SRS046973	Skin	Anterior_nares	Male
SRS047014	Gut	Stool	Male
SRS047044	Gut	Stool	Male
SRS047069	Gut	Stool	Female
SRS047100	Oral	Supragingival_plaque	Female
SRS047113	Oral	Supragingival_plaque	Male
SRS047126	Oral	Supragingival_plaque	Female
SRS047134	Skin	R_Retroauricular_crease	Female
SRS047140	Vaginal	Posterior_fornix	Female
SRS047210	Oral	Tongue_dorsum	Female
SRS047219	Oral	Tongue_dorsum	Male
SRS047225	Skin	Anterior_nares	Male
SRS047254	Skin	Anterior_nares	Male
SRS047265	Oral	Supragingival_plaque	Male
SRS047290	Oral	Tongue_dorsum	Female
SRS047335	Vaginal	Posterior_fornix	Female
SRS047433	Gut	Stool	Female
SRS047590	Oral	Supragingival_plaque	Male
SRS047634	Oral	Supragingival_plaque	Male
SRS047708	Skin	Anterior_nares	Female
SRS047741	Gut	Stool	Male
SRS047824	Oral	Tongue_dorsum	Female
SRS047844	Skin	Anterior_nares	Male
SRS048060	Gut	Stool	Female
SRS048164	Gut	Stool	Male
SRS048262	Gut	Stool	Male
SRS048307	Gut	Stool	Female
SRS048317	Oral	Tongue_dorsum	Female
SRS048411	Oral	Tongue_dorsum	Male
SRS048536	Vaginal	Posterior_fornix	Female
SRS048620	Oral	Buccal_mucosa	Female
SRS048654	Gut	Stool	Female
SRS048702	Skin	Anterior_nares	Male
SRS048719	Oral	Buccal_mucosa	Male
SRS048744	Oral	Tongue_dorsum	Female
SRS048791	Oral	Tongue_dorsum	Female
SRS048855	Skin	Anterior_nares	Male
SRS048870	Gut	Stool	Female
SRS048893	Oral	Tongue_dorsum	Female
SRS048981	Gut	Stool	Male
SRS049099	Skin	Anterior_nares	Female
SRS049147	Oral	Tongue_dorsum	Female
SRS049164	Gut	Stool	Male
SRS049191	Skin	Anterior_nares	Female
SRS049237	Vaginal	Posterior_fornix	Female
SRS049253	Oral	Tongue_dorsum	Male
SRS049268	Oral	Supragingival_plaque	Male
SRS049283	Oral	Buccal_mucosa	Male
SRS049289	Oral	Buccal_mucosa	Male
SRS049318	Oral	Supragingival_plaque	Female
SRS049340	Vaginal	Posterior_fornix	Female
SRS049389	Oral	Tongue_dorsum	Male
SRS049390	Vaginal	Posterior_fornix	Female
SRS049392	Oral	Supragingival_plaque	Male
SRS049402	Gut	Stool	Female
SRS049446	Gut	Stool	Female
SRS049448	Oral	Tongue_dorsum	Male
SRS049541	Vaginal	Posterior_fornix	Female
SRS049547	Skin	L_Retroauricular_crease	Male
SRS049712	Gut	Stool	Male
SRS049744	Skin	Anterior_nares	Male
SRS049773	Gut	Stool	Female
SRS049896	Gut	Stool	Male
SRS049900	Gut	Stool	Male
SRS049959	Gut	Stool	Male
SRS049988	Oral	Buccal_mucosa	Male
SRS049995	Gut	Stool	Female
SRS050007	Oral	Buccal_mucosa	Female
SRS050025	Skin	Anterior_nares	Male
SRS050026	Gut	Stool	Female
SRS050029	Oral	Buccal_mucosa	Female
SRS050071	Oral	Buccal_mucosa	Female
SRS050184	Vaginal	Posterior_fornix	Female
SRS050225	Skin	Anterior_nares	Female
SRS050244	Oral	Tongue_dorsum	Female
SRS050299	Gut	Stool	Male
SRS050422	Gut	Stool	Male
SRS050484	Skin	Anterior_nares	Female
SRS050520	Gut	Stool	Female
SRS050557	Skin	R_Retroauricular_crease	Female
SRS050628	Oral	Buccal_mucosa	Male
SRS050669	Oral	Tongue_dorsum	Male
SRS050709	Oral	Tongue_dorsum	Male
SRS050752	Gut	Stool	Female
SRS050783	Oral	Buccal_mucosa	Female
SRS050799	Oral	Supragingival_plaque	Female
SRS050801	Gut	Stool	Male
SRS050905	Oral	Buccal_mucosa	Female
SRS050925	Gut	Stool	Male
SRS050941	Gut	Stool	Male
SRS050974	Gut	Stool	Male
SRS050998	Gut	Stool	Male
SRS051031	Gut	Stool	Male
SRS051060	Oral	Tongue_dorsum	Female
SRS051116	Oral	Buccal_mucosa	Female
SRS051228	Oral	Supragingival_plaque	Female
SRS051244	Oral	Supragingival_plaque	Male
SRS051378	Oral	Supragingival_plaque	Female
SRS051505	Vaginal	Posterior_fornix	Female
SRS051548	Vaginal	Posterior_fornix	Female
SRS051600	Skin	Anterior_nares	Male
SRS051610	Gut	Stool	Female
SRS051613	Skin	Anterior_nares	Male
SRS051637	Vaginal	Posterior_fornix	Female
SRS051786	Oral	Buccal_mucosa	Female
SRS051791	Oral	Tongue_dorsum	Male
SRS051882	Gut	Stool	Female
SRS051930	Oral	Supragingival_plaque	Female
SRS051941	Oral	Supragingival_plaque	Female
SRS052027	Gut	Stool	Male
SRS052061	Oral	Supragingival_plaque	Male
SRS052078	Gut	Stool	Male
SRS052095	Oral	Supragingival_plaque	Male
SRS052227	Oral	Tongue_dorsum	Female
SRS052330	Vaginal	Posterior_fornix	Female
SRS052518	Oral	Tongue_dorsum	Male
SRS052570	Oral	Tongue_dorsum	Female
SRS052576	Gut	Stool	Male
SRS052590	Skin	Anterior_nares	Female
SRS052604	Oral	Supragingival_plaque	Female
SRS052620	Vaginal	Posterior_fornix	Female
SRS052668	Oral	Buccal_mucosa	Female
SRS052697	Gut	Stool	Female
SRS052756	Vaginal	Posterior_fornix	Female
SRS052778	Skin	Anterior_nares	Male
SRS052859	Vaginal	Posterior_fornix	Female
SRS052874	Oral	Buccal_mucosa	Female
SRS052876	Oral	Supragingival_plaque	Female
SRS052988	Skin	R_Retroauricular_crease	Male
SRS053087	Gut	Stool	Female
SRS053214	Gut	Stool	Female
SRS053290	Gut	Stool	Female
SRS053335	Gut	Stool	Female
SRS053356	Gut	Stool	Male
SRS053398	Gut	Stool	Female
SRS053437	Skin	Anterior_nares	Female
SRS053573	Gut	Stool	Male
SRS053578	Skin	L_Retroauricular_crease	Male
SRS053583	Oral	Tongue_dorsum	Male
SRS053584	Oral	Supragingival_plaque	Male
SRS053587	Gut	Stool	Male
SRS053603	Oral	Tongue_dorsum	Female
SRS053630	Oral	Supragingival_plaque	Female
SRS053649	Gut	Stool	Female
SRS053741	Vaginal	Posterior_fornix	Female
SRS053854	Oral	Tongue_dorsum	Female
SRS053895	Oral	Supragingival_plaque	Male
SRS053917	Oral	Supragingival_plaque	Female
SRS054018	Oral	Buccal_mucosa	Female
SRS054059	Gut	Stool	Male
SRS054061	Skin	Anterior_nares	Female
SRS054079	Oral	Tongue_dorsum	Male
SRS054196	Oral	Supragingival_plaque	Male
SRS054352	Gut	Stool	Male
SRS054430	Oral	Supragingival_plaque	Male
SRS054569	Oral	Buccal_mucosa	Male
SRS054590	Gut	Stool	Female
SRS054653	Oral	Supragingival_plaque	Female
SRS054687	Oral	Tongue_dorsum	Female
SRS054753	Gut	Stool	Female
SRS054776	Oral	Buccal_mucosa	Male
SRS054807	Oral	Tongue_dorsum	Male
SRS054869	Gut	Stool	Male
SRS054905	Gut	Stool	Female
SRS054956	Gut	Stool	Female
SRS054962	Vaginal	Posterior_fornix	Female
SRS054976	Oral	Tongue_dorsum	Female
SRS054995	Oral	Supragingival_plaque	Female
SRS055017	Gut	Stool	Male
SRS055018	Vaginal	Posterior_fornix	Female
SRS055118	Oral	Buccal_mucosa	Female
SRS055177	Oral	Tongue_dorsum	Male
SRS055288	Gut	Stool	Female
SRS055298	Vaginal	Posterior_fornix	Female
SRS055378	Oral	Supragingival_plaque	Male
SRS055401	Oral	Supragingival_plaque	Female
SRS055426	Oral	Tongue_dorsum	Male
SRS055450	Oral	Supragingival_plaque	Male
SRS055495	Oral	Tongue_dorsum	Male
SRS055533	Gut	Stool	Male
SRS055966	Gut	Stool	Male
SRS055982	Gut	Stool	Female
SRS056042	Oral	Buccal_mucosa	Female
SRS056090	Oral	Supragingival_plaque	Female
SRS056113	Oral	Supragingival_plaque	Male
SRS056156	Vaginal	Posterior_fornix	Female
SRS056157	Oral	Buccal_mucosa	Female
SRS056210	Skin	Anterior_nares	Female
SRS056259	Gut	Stool	Male
SRS056273	Gut	Stool	Male
SRS056323	Oral	Tongue_dorsum	Female
SRS056327	Oral	Tongue_dorsum	Female
SRS056447	Oral	Supragingival_plaque	Female
SRS056461	Oral	Buccal_mucosa	Male
SRS056481	Gut	Stool	Female
SRS056483	Vaginal	Posterior_fornix	Female
SRS056519	Gut	Stool	Male
SRS056537	Oral	Supragingival_plaque	Female
SRS056622	Oral	Tongue_dorsum	Female
SRS056623	Vaginal	Posterior_fornix	Female
SRS056695	Vaginal	Posterior_fornix	Female
SRS056699	Skin	L_Retroauricular_crease	Male
SRS056712	Skin	Anterior_nares	Male
SRS056796	Vaginal	Posterior_fornix	Female
SRS056892	Oral	Buccal_mucosa	Female
SRS056896	Oral	Tongue_dorsum	Male
SRS056906	Skin	Anterior_nares	Female
SRS056951	Oral	Supragingival_plaque	Female
SRS057022	Oral	Buccal_mucosa	Female
SRS057049	Gut	Stool	Male
SRS057083	Skin	R_Retroauricular_crease	Male
SRS057124	Oral	Tongue_dorsum	Female
SRS057205	Oral	Tongue_dorsum	Male
SRS057244	Oral	Tongue_dorsum	Male
SRS057344	Vaginal	Posterior_fornix	Female
SRS057355	Oral	Tongue_dorsum	Male
SRS057389	Oral	Buccal_mucosa	Male
SRS057478	Gut	Stool	Female
SRS057480	Gut	Stool	Female
SRS057490	Oral	Supragingival_plaque	Male
SRS057539	Oral	Tongue_dorsum	Male
SRS057559	Skin	L_Retroauricular_crease	Female
SRS057619	Oral	Supragingival_plaque	Male
SRS057692	Oral	Tongue_dorsum	Male
SRS057717	Gut	Stool	Female
SRS057791	Oral	Tongue_dorsum	Male
SRS057807	Vaginal	Posterior_fornix	Female
SRS057886	Oral	Supragingival_plaque	Female
SRS057894	Vaginal	Posterior_fornix	Female
SRS057931	Oral	Buccal_mucosa	Female
SRS058053	Oral	Supragingival_plaque	Male
SRS058070	Gut	Stool	Male
SRS058075	Oral	Buccal_mucosa	Male
SRS058094	Skin	Anterior_nares	Male
SRS058105	Oral	Buccal_mucosa	Male
SRS058145	Gut	Stool	Male
SRS058182	Skin	R_Retroauricular_crease	Male
SRS058186	Oral	Buccal_mucosa	Female
SRS058213	Skin	Anterior_nares	Female
SRS058221	Skin	R_Retroauricular_crease	Male
SRS058261	Oral	Supragingival_plaque	Male
SRS058268	Gut	Stool	Male
SRS058336	Oral	Tongue_dorsum	Male
SRS058456	Skin	Anterior_nares	Male
SRS058646	Skin	L_Retroauricular_crease	Female
SRS058693	Oral	Tongue_dorsum	Female
SRS058723	Gut	Stool	Female
SRS058730	Oral	Supragingival_plaque	Male
SRS058770	Gut	Stool	Male
SRS058808	Oral	Supragingival_plaque	Male
SRS062418	Oral	Subgingival_plaque	Male
SRS062427	Gut	Stool	Male
SRS062512	Vaginal	Posterior_fornix	Female
SRS062520	Vaginal	Posterior_fornix	Female
SRS062540	Oral	Tongue_dorsum	Female
SRS062544	Oral	Tongue_dorsum	Male
SRS062545	Vaginal	Vaginal_introitus	Female
SRS062632	Skin	Anterior_nares	Male
SRS062640	Skin	Anterior_nares	Male
SRS062654	Gut	Stool	Female
SRS062668	Oral	Throat	Female
SRS062701	Gut	Stool	Female
SRS062713	Skin	Anterior_nares	Female
SRS062714	Oral	Tongue_dorsum	Female
SRS062716	Gut	Stool	Female
SRS062752	Vaginal	Vaginal_introitus	Female
SRS062761	Oral	Tongue_dorsum	Male
SRS062878	Oral	Hard_palate	Male
SRS062906	Vaginal	Vaginal_introitus	Female
SRS062931	Oral	Supragingival_plaque	Male
SRS063005	Skin	Anterior_nares	Female
SRS063035	Skin	Anterior_nares	Male
SRS063040	Gut	Stool	Female
SRS063102	Skin	Anterior_nares	Male
SRS063116	Skin	Anterior_nares	Male
SRS063127	Gut	Stool	Male
SRS063140	Oral	Throat	Male
SRS063178	Skin	Anterior_nares	Male
SRS063190	Gut	Stool	Female
SRS063193	Oral	Tongue_dorsum	Female
SRS063215	Oral	Subgingival_plaque	Female
SRS063246	Oral	Supragingival_plaque	Male
SRS063272	Oral	Buccal_mucosa	Female
SRS063287	Oral	Buccal_mucosa	Male
SRS063288	Oral	Tongue_dorsum	Female
SRS063351	Oral	Palatine_Tonsils	Female
SRS063370	Gut	Stool	Male
SRS063373	Oral	Tongue_dorsum	Male
SRS063413	Oral	Buccal_mucosa	Male
SRS063417	Vaginal	Posterior_fornix	Female
SRS063418	Skin	Anterior_nares	Male
SRS063478	Oral	Buccal_mucosa	Female
SRS063485	Oral	Supragingival_plaque	Female
SRS063486	Oral	Buccal_mucosa	Male
SRS063489	Gut	Stool	Female
SRS063492	Oral	Buccal_mucosa	Female
SRS063518	Gut	Stool	Female
SRS063603	Oral	Supragingival_plaque	Female
SRS063621	Oral	Palatine_Tonsils	Female
SRS063672	Oral	Subgingival_plaque	Male
SRS063678	Oral	Buccal_mucosa	Male
SRS063686	Skin	Anterior_nares	Male
SRS063801	Oral	Buccal_mucosa	Female
SRS063804	Vaginal	Posterior_fornix	Female
SRS063813	Gut	Stool	Male
SRS063823	Oral	Keratinized_gingiva	Female
SRS063858	Oral	Buccal_mucosa	Female
SRS063871	Oral	Tongue_dorsum	Female
SRS063912	Skin	Anterior_nares	Male
SRS063928	Gut	Stool	Female
SRS063929	Oral	Throat	Male
SRS063985	Gut	Stool	Female
SRS063999	Oral	Supragingival_plaque	Female
SRS064014	Oral	Tongue_dorsum	Male
SRS064022	Oral	Palatine_Tonsils	Male
SRS064097	Skin	Anterior_nares	Female
SRS064158	Oral	Supragingival_plaque	Female
SRS064197	Oral	Keratinized_gingiva	Male
SRS064219	Oral	Supragingival_plaque	Male
SRS064225	Vaginal	Posterior_fornix	Female
SRS064232	Gut	Stool	Female
SRS064234	Oral	Buccal_mucosa	Female
SRS064260	Oral	Supragingival_plaque	Male
SRS064263	Vaginal	Posterior_fornix	Female
SRS064276	Gut	Stool	Female
SRS064376	Vaginal	Posterior_fornix	Female
SRS064382	Vaginal	Vaginal_introitus	Female
SRS064393	Oral	Buccal_mucosa	Male
SRS064423	Oral	Tongue_dorsum	Female
SRS064449	Oral	Supragingival_plaque	Female
SRS064466	Oral	Subgingival_plaque	Female
SRS064482	Oral	Palatine_Tonsils	Female
SRS064557	Gut	Stool	Female
SRS064568	Vaginal	Posterior_fornix	Female
SRS064572	Skin	L_Retroauricular_crease	Male
SRS064617	Oral	Buccal_mucosa	Male
SRS064645	Gut	Stool	Male
SRS064662	Gut	Stool	Female
SRS064666	Vaginal	Posterior_fornix	Female
SRS064704	Vaginal	Posterior_fornix	Female
SRS064757	Gut	Stool	Female
SRS064774	Oral	Tongue_dorsum	Female
SRS064809	Oral	Buccal_mucosa	Female
SRS064831	Oral	Palatine_Tonsils	Female
SRS064937	Oral	Supragingival_plaque	Male
SRS064973	Gut	Stool	Male
SRS064996	Oral	Buccal_mucosa	Female
SRS065091	Oral	Tongue_dorsum	Male
SRS065099	Oral	Supragingival_plaque	Female
SRS065133	Oral	Buccal_mucosa	Male
SRS065142	Skin	Anterior_nares	Female
SRS065176	Gut	Stool	Female
SRS065179	Skin	Anterior_nares	Female
SRS065187	Skin	R_Retroauricular_crease	Female
SRS065278	Oral	Tongue_dorsum	Female
SRS065299	Oral	Tongue_dorsum	Female
SRS065306	Oral	Palatine_Tonsils	Male
SRS065310	Oral	Supragingival_plaque	Female
SRS065335	Oral	Throat	Male
SRS065347	Vaginal	Posterior_fornix	Female
SRS065397	Gut	Stool	Female
SRS065431	Oral	Buccal_mucosa	Female
SRS065504	Gut	Stool	Female
SRS065518	Oral	Saliva	Male
SRS065542	Oral	Supragingival_plaque	Female
SRS065547	Vaginal	Mid_vagina	Female
SRS065720	Oral	Throat	Female
SRS074586	Gut	Stool	Female
SRS074592	Oral	Tongue_dorsum	Female
SRS074598	Oral	Supragingival_plaque	Female
SRS074663	Vaginal	Posterior_fornix	Female
SRS074670	Gut	Stool	Male
SRS074676	Oral	Tongue_dorsum	Male
SRS074678	Oral	Buccal_mucosa	Male
SRS074682	Oral	Supragingival_plaque	Male
SRS074688	Skin	Anterior_nares	Male
SRS074964	Gut	Stool	Male
SRS074970	Oral	Tongue_dorsum	Male
SRS074972	Oral	Buccal_mucosa	Male
SRS074976	Oral	Supragingival_plaque	Male
SRS074982	Skin	Anterior_nares	Male
SRS075021	Gut	Stool	Male
SRS075033	Oral	Supragingival_plaque	Male
SRS075078	Gut	Stool	Male
SRS075084	Oral	Tongue_dorsum	Male
SRS075086	Oral	Buccal_mucosa	Male
SRS075090	Oral	Supragingival_plaque	Male
SRS075092	Skin	L_Retroauricular_crease	Male
SRS075093	Skin	R_Retroauricular_crease	Male
SRS075096	Skin	Anterior_nares	Male
SRS075341	Gut	Stool	Male
SRS075347	Oral	Tongue_dorsum	Male
SRS075349	Oral	Buccal_mucosa	Male
SRS075353	Oral	Supragingival_plaque	Male
SRS075355	Skin	L_Retroauricular_crease	Male
SRS075356	Skin	R_Retroauricular_crease	Male
SRS075359	Skin	Anterior_nares	Male
SRS075398	Gut	Stool	Female
SRS075399	Gut	Stool	Female
SRS075404	Oral	Tongue_dorsum	Female
SRS075406	Oral	Buccal_mucosa	Female
SRS075410	Oral	Supragingival_plaque	Female
SRS075419	Vaginal	Posterior_fornix	Female
SRS075433	Oral	Tongue_dorsum	Female
SRS075437	Oral	Buccal_mucosa	Female
SRS075445	Oral	Supragingival_plaque	Female
SRS075463	Vaginal	Posterior_fornix	Female
SRS075716	Gut	Stool	Female
SRS075765	Oral	Tongue_dorsum	Male
SRS075767	Oral	Buccal_mucosa	Male
SRS075771	Oral	Supragingival_plaque	Male
SRS075773	Gut	Stool	Male
SRS075778	Skin	Anterior_nares	Male
SRS075813	Oral	Tongue_dorsum	Female
SRS075815	Oral	Buccal_mucosa	Female
SRS075819	Oral	Supragingival_plaque	Female
SRS075821	Gut	Stool	Female
SRS075826	Skin	Anterior_nares	Female
SRS075829	Vaginal	Posterior_fornix	Female
SRS075870	Oral	Tongue_dorsum	Female
SRS075872	Oral	Buccal_mucosa	Female
SRS075876	Oral	Supragingival_plaque	Female
SRS075878	Gut	Stool	Female
SRS075883	Skin	Anterior_nares	Female
SRS075886	Vaginal	Posterior_fornix	Female
SRS075927	Oral	Buccal_mucosa	Female
SRS075947	Oral	Tongue_dorsum	Female
SRS075950	Oral	Buccal_mucosa	Female
SRS075953	Oral	Keratinized_gingiva	Female
SRS075957	Oral	Throat	Female
SRS075959	Oral	Supragingival_plaque	Female
SRS075961	Oral	Subgingival_plaque	Female
SRS075963	Gut	Stool	Female
SRS075975	Vaginal	Vaginal_introitus	Female
SRS075977	Vaginal	Mid_vagina	Female
SRS075979	Vaginal	Posterior_fornix	Female
SRS075980	Skin	Anterior_nares	Female
SRS075983	Vaginal	Posterior_fornix	Female
SRS075984	Gut	Stool	Female
SRS075987	Oral	Tongue_dorsum	Female
SRS075989	Oral	Buccal_mucosa	Female
SRS075993	Oral	Supragingival_plaque	Female
SRS076756	Gut	Stool	Male
SRS076761	Skin	Anterior_nares	Male
SRS076764	Oral	Tongue_dorsum	Male
SRS076766	Oral	Buccal_mucosa	Male
SRS076770	Oral	Supragingival_plaque	Male
SRS076804	Gut	Stool	Female
SRS076809	Skin	Anterior_nares	Female
SRS076812	Vaginal	Posterior_fornix	Female
SRS076815	Oral	Tongue_dorsum	Female
SRS076817	Oral	Buccal_mucosa	Female
SRS076821	Oral	Supragingival_plaque	Female
SRS076865	Skin	Anterior_nares	Male
SRS076868	Oral	Tongue_dorsum	Male
SRS076870	Oral	Buccal_mucosa	Male
SRS076874	Oral	Supragingival_plaque	Male
SRS076876	Gut	Stool	Male
SRS076926	Oral	Supragingival_plaque	Female
SRS076929	Gut	Stool	Female
SRS076945	Vaginal	Posterior_fornix	Female
SRS076951	Oral	Tongue_dorsum	Female
SRS076976	Gut	Stool	Male
SRS076981	Skin	Anterior_nares	Male
SRS077016	Oral	Tongue_dorsum	Female
SRS077018	Oral	Buccal_mucosa	Female
SRS077022	Oral	Supragingival_plaque	Female
SRS077024	Gut	Stool	Female
SRS077032	Vaginal	Posterior_fornix	Female
SRS077075	Oral	Buccal_mucosa	Male
SRS077085	Skin	Anterior_nares	Male
SRS077086	Gut	Stool	Male
SRS077092	Oral	Tongue_dorsum	Male
SRS077095	Oral	Buccal_mucosa	Male
SRS077104	Oral	Supragingival_plaque	Male
SRS077115	Skin	Anterior_nares	Male
SRS077117	Gut	Stool	Male
SRS077127	Gut	Stool	Female
SRS077187	Oral	Buccal_mucosa	Female
SRS077194	Gut	Stool	Female
SRS077206	Vaginal	Vaginal_introitus	Female
SRS077210	Vaginal	Posterior_fornix	Female
SRS077216	Oral	Tongue_dorsum	Female
SRS077231	Gut	Stool	Male
SRS077239	Oral	Tongue_dorsum	Male
SRS077241	Oral	Buccal_mucosa	Male
SRS077245	Oral	Supragingival_plaque	Male
SRS077283	Oral	Buccal_mucosa	Male
SRS077294	Gut	Stool	Male
SRS077300	Oral	Tongue_dorsum	Male
SRS077303	Oral	Buccal_mucosa	Male
SRS077308	Oral	Palatine_Tonsils	Male
SRS077312	Oral	Subgingival_plaque	Male
SRS077323	Gut	Stool	Male
SRS077327	Oral	Tongue_dorsum	Female
SRS077329	Oral	Buccal_mucosa	Female
SRS077335	Gut	Stool	Female
SRS077343	Vaginal	Posterior_fornix	Female
SRS077364	Gut	Stool	Female
SRS077384	Oral	Tongue_dorsum	Female
SRS077386	Oral	Buccal_mucosa	Female
SRS077390	Oral	Supragingival_plaque	Female
SRS077392	Gut	Stool	Female
SRS077397	Skin	Anterior_nares	Female
SRS077400	Vaginal	Posterior_fornix	Female
SRS077441	Oral	Tongue_dorsum	Male
SRS077443	Oral	Buccal_mucosa	Male
SRS077447	Oral	Supragingival_plaque	Male
SRS077453	Skin	Anterior_nares	Male
SRS077454	Gut	Stool	Male
SRS077491	Oral	Buccal_mucosa	Male
SRS077501	Skin	Anterior_nares	Male
SRS077502	Gut	Stool	Male
SRS077508	Oral	Tongue_dorsum	Male
SRS077520	Oral	Supragingival_plaque	Male
SRS077533	Gut	Stool	Male
SRS077540	Skin	Anterior_nares	Male
SRS077545	Oral	Buccal_mucosa	Male
SRS077549	Oral	Supragingival_plaque	Male
SRS077552	Gut	Stool	Male
SRS077561	Skin	Anterior_nares	Male
SRS077568	Oral	Tongue_dorsum	Male
SRS077571	Oral	Buccal_mucosa	Male
SRS077589	Gut	Stool	Male
SRS077633	Oral	Tongue_dorsum	Female
SRS077635	Oral	Buccal_mucosa	Female
SRS077639	Oral	Supragingival_plaque	Female
SRS077641	Gut	Stool	Female
SRS077646	Skin	Anterior_nares	Female
SRS077649	Vaginal	Posterior_fornix	Female
SRS077730	Gut	Stool	Female
SRS077731	Gut	Stool	Female
SRS077736	Oral	Tongue_dorsum	Female
SRS077738	Oral	Buccal_mucosa	Female
SRS077744	Skin	L_Retroauricular_crease	Female
SRS077745	Skin	R_Retroauricular_crease	Female
SRS077751	Vaginal	Posterior_fornix	Female
SRS077753	Gut	Stool	Female
SRS077763	Oral	Tongue_dorsum	Female
SRS077767	Oral	Buccal_mucosa	Female
SRS077793	Vaginal	Posterior_fornix	Female
SRS077849	Gut	Stool	Male
SRS077855	Oral	Tongue_dorsum	Male
SRS077857	Oral	Buccal_mucosa	Male
SRS077861	Oral	Supragingival_plaque	Male
SRS077863	Skin	L_Retroauricular_crease	Male
SRS077864	Skin	R_Retroauricular_crease	Male
SRS077916	Oral	Tongue_dorsum	Male
SRS077918	Oral	Buccal_mucosa	Male
SRS077922	Oral	Supragingival_plaque	Male
SRS077991	Gut	Stool	Male
SRS077997	Oral	Tongue_dorsum	Male
SRS077999	Oral	Buccal_mucosa	Male
SRS078003	Oral	Supragingival_plaque	Male
SRS078176	Gut	Stool	Female
SRS078177	Gut	Stool	Female
SRS078182	Oral	Tongue_dorsum	Female
SRS078197	Vaginal	Posterior_fornix	Female
SRS078211	Oral	Tongue_dorsum	Female
SRS078215	Oral	Buccal_mucosa	Female
SRS078223	Oral	Supragingival_plaque	Female
SRS078235	Skin	Anterior_nares	Female
SRS078241	Vaginal	Posterior_fornix	Female
SRS078242	Gut	Stool	Female
SRS078248	Oral	Tongue_dorsum	Female
SRS078250	Oral	Buccal_mucosa	Female
SRS078257	Skin	R_Retroauricular_crease	Female
SRS078260	Skin	Anterior_nares	Female
SRS078263	Vaginal	Posterior_fornix	Female
SRS078419	Gut	Stool	Male
SRS078425	Oral	Tongue_dorsum	Male
SRS078427	Oral	Buccal_mucosa	Male
SRS078431	Oral	Supragingival_plaque	Male
SRS078433	Skin	L_Retroauricular_crease	Male
SRS078434	Skin	R_Retroauricular_crease	Male
SRS078665	Gut	Stool	Female
SRS078671	Oral	Tongue_dorsum	Female
SRS078673	Oral	Buccal_mucosa	Female
SRS078677	Oral	Supragingival_plaque	Female
SRS078679	Skin	L_Retroauricular_crease	Female
SRS078683	Skin	Anterior_nares	Female
SRS078686	Vaginal	Posterior_fornix	Female
SRS078733	Oral	Tongue_dorsum	Male
SRS078738	Oral	Supragingival_plaque	Male
SRS078741	Skin	R_Retroauricular_crease	Male
SRS078744	Skin	Anterior_nares	Male
SRS078775	Oral	Buccal_mucosa	Male
SRS079308	Oral	Supragingival_plaque	Male
SRS097866	Oral	Buccal_mucosa	Female
SRS097867	Oral	Keratinized_gingiva	Female
SRS097871	Oral	Subgingival_plaque	Female
SRS097885	Vaginal	Mid_vagina	Female
SRS097887	Vaginal	Posterior_fornix	Female
SRS097889	Gut	Stool	Female
SRS097895	Oral	Tongue_dorsum	Female
SRS097898	Oral	Buccal_mucosa	Female
SRS097905	Oral	Throat	Female
SRS097907	Oral	Supragingival_plaque	Female
SRS097912	Oral	Tongue_dorsum	Male
SRS097914	Oral	Buccal_mucosa	Male
SRS097918	Oral	Supragingival_plaque	Male
SRS097920	Gut	Stool	Male
SRS097925	Skin	Anterior_nares	Male
SRS097958	Gut	Stool	Male
SRS097966	Oral	Tongue_dorsum	Male
SRS097968	Oral	Buccal_mucosa	Male
SRS097972	Oral	Supragingival_plaque	Male
SRS098033	Skin	Anterior_nares	Female
SRS098039	Vaginal	Posterior_fornix	Female
SRS098045	Oral	Tongue_dorsum	Female
SRS098049	Oral	Buccal_mucosa	Female
SRS098057	Oral	Supragingival_plaque	Female
SRS098061	Gut	Stool	Female
SRS098065	Oral	Tongue_dorsum	Female
SRS098067	Oral	Buccal_mucosa	Female
SRS098071	Oral	Supragingival_plaque	Female
SRS098073	Gut	Stool	Female
SRS098078	Skin	Anterior_nares	Female
SRS098081	Vaginal	Posterior_fornix	Female
SRS098482	Oral	Supragingival_plaque	Female
SRS098498	Oral	Tongue_dorsum	Female
SRS098502	Oral	Buccal_mucosa	Female
SRS098514	Gut	Stool	Female
SRS098530	Vaginal	Posterior_fornix	Female
SRS098535	Oral	Buccal_mucosa	Female
SRS098567	Oral	Supragingival_plaque	Female
SRS098571	Gut	Stool	Female
SRS098585	Vaginal	Mid_vagina	Female
SRS098587	Vaginal	Posterior_fornix	Female
SRS098602	Skin	Anterior_nares	Female
SRS098612	Oral	Tongue_dorsum	Female
SRS098616	Oral	Buccal_mucosa	Female
SRS098618	Oral	Keratinized_gingiva	Female
SRS098620	Oral	Palatine_Tonsils	Female
SRS098624	Oral	Supragingival_plaque	Female
SRS098626	Oral	Subgingival_plaque	Female
SRS098640	Vaginal	Mid_vagina	Female
SRS098642	Vaginal	Posterior_fornix	Female
SRS098644	Gut	Stool	Female
SRS098655	Gut	Stool	Female
SRS098704	Oral	Tongue_dorsum	Male
SRS098706	Oral	Buccal_mucosa	Male
SRS098717	Gut	Stool	Male
SRS098735	Oral	Supragingival_plaque	Male
SRS098748	Gut	Stool	Male
SRS098815	Vaginal	Posterior_fornix	Female
SRS098818	Oral	Tongue_dorsum	Female
SRS098820	Oral	Buccal_mucosa	Female
SRS098824	Oral	Supragingival_plaque	Female
SRS098827	Gut	Stool	Female
SRS098842	Vaginal	Posterior_fornix	Female
SRS098848	Oral	Tongue_dorsum	Female
SRS098860	Oral	Supragingival_plaque	Female
SRS098867	Oral	Tongue_dorsum	Male
SRS098869	Oral	Buccal_mucosa	Male
SRS098881	Gut	Stool	Male
SRS098886	Oral	Tongue_dorsum	Male
SRS099357	Skin	Anterior_nares	Male
SRS100021	Gut	Stool	Male
SRS100027	Oral	Tongue_dorsum	Male
SRS100029	Oral	Buccal_mucosa	Male
SRS100033	Oral	Supragingival_plaque	Male
SRS100036	Skin	R_Retroauricular_crease	Male
SRS100039	Skin	Anterior_nares	Male
SRS100907	Gut	Stool	Female
SRS101268	Gut	Stool	Male
SRS101280	Oral	Supragingival_plaque	Male
SRS101376	Gut	Stool	Male
SRS101382	Oral	Tongue_dorsum	Male
SRS101384	Oral	Buccal_mucosa	Male
SRS101388	Oral	Supragingival_plaque	Male
SRS101433	Gut	Stool	Female
SRS101439	Oral	Tongue_dorsum	Female
SRS101441	Oral	Buccal_mucosa	Female
SRS101445	Oral	Supragingival_plaque	Female
SRS101448	Skin	R_Retroauricular_crease	Female
SRS101451	Skin	Anterior_nares	Female
SRS101454	Vaginal	Posterior_fornix	Female
SRS102808	Oral	Tongue_dorsum	Female
SRS102810	Oral	Buccal_mucosa	Female
SRS102814	Oral	Supragingival_plaque	Female
SRS102816	Skin	L_Retroauricular_crease	Female
SRS102817	Skin	R_Retroauricular_crease	Female
SRS102820	Skin	Anterior_nares	Female
SRS102823	Vaginal	Posterior_fornix	Female
SRS103938	Vaginal	Posterior_fornix	Female
SRS103943	Oral	Buccal_mucosa	Female
SRS103959	Skin	Anterior_nares	Female
SRS103964	Vaginal	Posterior_fornix	Female
SRS103971	Oral	Tongue_dorsum	Female
SRS103974	Oral	Buccal_mucosa	Female
SRS103983	Oral	Supragingival_plaque	Female
SRS103987	Gut	Stool	Female
SRS104036	Gut	Stool	Male
SRS104039	Oral	Tongue_dorsum	Male
SRS104041	Oral	Buccal_mucosa	Male
SRS104045	Oral	Supragingival_plaque	Male
SRS104084	Gut	Stool	Female
SRS104087	Oral	Tongue_dorsum	Female
SRS104089	Oral	Buccal_mucosa	Female
SRS104093	Oral	Supragingival_plaque	Female
SRS104102	Vaginal	Posterior_fornix	Female
SRS1041031	Gut	Stool	Male
SRS1041032	Gut	Stool	Female
SRS1041033	Gut	Stool	Male
SRS1041036	Gut	Stool	Female
SRS1041037	Gut	Stool	Female
SRS1041038	Gut	Stool	Female
SRS1041039	Gut	Stool	Male
SRS1041090	Gut	Stool	Male
SRS1041091	Gut	Stool	Male
SRS1041092	Gut	Stool	Female
SRS1041093	Gut	Stool	Female
SRS1041094	Gut	Stool	Female
SRS1041095	Gut	Stool	Male
SRS1041112	Gut	Stool	Male
SRS1041113	Gut	Stool	Female
SRS1041114	Oral	Tongue_dorsum	Female
SRS1041115	Oral	Buccal_mucosa	Female
SRS1041116	Gut	Stool	Male
SRS1041117	Oral	Supragingival_plaque	Female
SRS1041118	Gut	Stool	Male
SRS1041119	Oral	Tongue_dorsum	Male
SRS1041120	Oral	Buccal_mucosa	Male
SRS1041121	Oral	Supragingival_plaque	Male
SRS1041122	Gut	Stool	Male
SRS1041123	Oral	Buccal_mucosa	Female
SRS1041124	Gut	Stool	Female
SRS1041126	Skin	Anterior_nares	Female
SRS1041127	Vaginal	Posterior_fornix	Female
SRS1041129	Gut	Stool	Female
SRS1041130	Gut	Stool	Female
SRS1041132	Gut	Stool	Female
SRS1041133	Gut	Stool	Male
SRS1041134	Gut	Stool	Male
SRS1041136	Gut	Stool	Female
SRS1041137	Gut	Stool	Male
SRS1041138	Gut	Stool	Male
SRS1041139	Gut	Stool	Male
SRS1041140	Gut	Stool	Male
SRS1041141	Gut	Stool	Female
SRS1041142	Gut	Stool	Female
SRS1041143	Gut	Stool	Female
SRS1041144	Gut	Stool	Female
SRS1041145	Gut	Stool	Female
SRS1041146	Gut	Stool	Male
SRS1041147	Gut	Stool	Male
SRS1041149	Gut	Stool	Female
SRS1041150	Oral	Tongue_dorsum	Female
SRS1041151	Oral	Buccal_mucosa	Female
SRS1041153	Oral	Supragingival_plaque	Female
SRS1041154	Skin	Anterior_nares	Female
SRS1041155	Vaginal	Posterior_fornix	Female
SRS1041157	Gut	Stool	Female
SRS1041159	Oral	Tongue_dorsum	Male
SRS1041160	Vaginal	Posterior_fornix	Female
SRS1041161	Oral	Buccal_mucosa	Female
SRS1041163	Vaginal	Posterior_fornix	Female
SRS1041164	Gut	Stool	Female
SRS1041169	Oral	Buccal_mucosa	Female
SRS1041170	Oral	Tongue_dorsum	Female
SRS1041173	Oral	Supragingival_plaque	Female
SRS1041175	Vaginal	Posterior_fornix	Female
SRS1041181	Oral	Tongue_dorsum	Female
SRS1041182	Oral	Buccal_mucosa	Female
SRS1041183	Oral	Supragingival_plaque	Female
SRS1041185	Vaginal	Posterior_fornix	Female
SRS104155	Skin	Anterior_nares	Female
SRS104165	Oral	Tongue_dorsum	Female
SRS104169	Oral	Buccal_mucosa	Female
SRS104177	Oral	Supragingival_plaque	Female
SRS104195	Vaginal	Posterior_fornix	Female
SRS104197	Gut	Stool	Female
SRS104259	Oral	Buccal_mucosa	Female
SRS104269	Skin	Anterior_nares	Female
SRS104275	Oral	Saliva	Female
SRS104279	Oral	Tongue_dorsum	Female
SRS104282	Oral	Buccal_mucosa	Female
SRS104285	Oral	Keratinized_gingiva	Female
SRS104287	Oral	Palatine_Tonsils	Female
SRS104291	Oral	Supragingival_plaque	Female
SRS104302	Skin	Anterior_nares	Female
SRS104309	Vaginal	Posterior_fornix	Female
SRS104311	Gut	Stool	Female
SRS104314	Oral	Tongue_dorsum	Male
SRS104316	Oral	Buccal_mucosa	Male
SRS104320	Oral	Supragingival_plaque	Male
SRS104327	Gut	Stool	Male
SRS104368	Oral	Supragingival_plaque	Female
SRS104384	Oral	Tongue_dorsum	Female
SRS104388	Oral	Buccal_mucosa	Female
SRS104400	Gut	Stool	Female
SRS104416	Vaginal	Posterior_fornix	Female
SRS104470	Skin	Anterior_nares	Female
SRS104476	Oral	Tongue_dorsum	Female
SRS104478	Oral	Buccal_mucosa	Female
SRS104485	Gut	Stool	Female
SRS104497	Vaginal	Vaginal_introitus	Female
SRS104499	Vaginal	Mid_vagina	Female
SRS104501	Vaginal	Posterior_fornix	Female
SRS104519	Oral	Supragingival_plaque	Female
SRS104521	Oral	Subgingival_plaque	Female
SRS104539	Oral	Supragingival_plaque	Female
SRS104636	Gut	Stool	Female
SRS104641	Skin	Anterior_nares	Female
SRS104644	Vaginal	Posterior_fornix	Female
SRS104647	Oral	Tongue_dorsum	Female
SRS104649	Oral	Buccal_mucosa	Female
SRS104653	Oral	Supragingival_plaque	Female
SRS104693	Gut	Stool	Female
SRS104701	Vaginal	Posterior_fornix	Female
SRS104704	Oral	Tongue_dorsum	Female
SRS104706	Oral	Buccal_mucosa	Female
SRS104711	Oral	Supragingival_plaque	Female
SRS104822	Skin	Anterior_nares	Male
SRS104830	Oral	Tongue_dorsum	Male
SRS104842	Oral	Supragingival_plaque	Male
SRS104912	Gut	Stool	Female
SRS104915	Oral	Tongue_dorsum	Female
SRS104921	Oral	Supragingival_plaque	Female
SRS104927	Skin	Anterior_nares	Female
SRS104962	Oral	Tongue_dorsum	Male
SRS104964	Oral	Buccal_mucosa	Male
SRS104968	Oral	Supragingival_plaque	Male
SRS104974	Skin	Anterior_nares	Male
SRS104975	Gut	Stool	Male
SRS105068	Oral	Tongue_dorsum	Male
SRS105070	Oral	Buccal_mucosa	Male
SRS105074	Oral	Supragingival_plaque	Male
SRS105080	Skin	Anterior_nares	Male
SRS105082	Gut	Stool	Male
SRS105087	Oral	Tongue_dorsum	Male
SRS105091	Oral	Buccal_mucosa	Male
SRS105100	Oral	Supragingival_plaque	Male
SRS105115	Oral	Tongue_dorsum	Female
SRS105117	Oral	Buccal_mucosa	Female
SRS105121	Oral	Supragingival_plaque	Female
SRS105128	Skin	Anterior_nares	Female
SRS105136	Oral	Tongue_dorsum	Female
SRS105140	Oral	Buccal_mucosa	Female
SRS105148	Oral	Supragingival_plaque	Female
SRS105153	Gut	Stool	Female
SRS105169	Vaginal	Posterior_fornix	Female
SRS1054691	Gut	Stool	Female
SRS1054712	Oral	Tongue_dorsum	Female
SRS1054716	Gut	Stool	Male
SRS1054853	Oral	Supragingival_plaque	Male
SRS1054881	Oral	Tongue_dorsum	Female
SRS1054927	Vaginal	Posterior_fornix	Female
SRS1054928	Gut	Stool	Female
SRS1054929	Gut	Stool	Male
SRS1054934	Oral	Tongue_dorsum	Male
SRS1055018	Oral	Buccal_mucosa	Male
SRS1055019	Skin	Anterior_nares	Male
SRS1055020	Oral	Supragingival_plaque	Male
SRS1055021	Vaginal	Posterior_fornix	Female
SRS1055022	Gut	Stool	Female
SRS1055023	Oral	Tongue_dorsum	Male
SRS1055025	Oral	Buccal_mucosa	Male
SRS1055026	Oral	Supragingival_plaque	Male
SRS1055028	Oral	Tongue_dorsum	Male
SRS1055030	Oral	Buccal_mucosa	Male
SRS1055032	Skin	Anterior_nares	Male
SRS1055033	Oral	Supragingival_plaque	Male
SRS1055034	Gut	Stool	Male
SRS1055035	Oral	Tongue_dorsum	Male
SRS1055036	Oral	Buccal_mucosa	Male
SRS1055037	Oral	Supragingival_plaque	Male
SRS1055038	Gut	Stool	Female
SRS1055039	Oral	Tongue_dorsum	Female
SRS1055040	Oral	Buccal_mucosa	Female
SRS1055041	Skin	Anterior_nares	Female
SRS1055042	Oral	Supragingival_plaque	Female
SRS1055043	Gut	Stool	Female
SRS1055044	Vaginal	Posterior_fornix	Female
SRS1055045	Skin	Anterior_nares	Female
SRS1055046	Oral	Tongue_dorsum	Female
SRS1055047	Oral	Buccal_mucosa	Female
SRS1055048	Oral	Supragingival_plaque	Female
SRS1055049	Gut	Stool	Female
SRS1055050	Skin	Anterior_nares	Female
SRS1055051	Vaginal	Posterior_fornix	Female
SRS1055054	Oral	Buccal_mucosa	Male
SRS1055055	Oral	Supragingival_plaque	Male
SRS1055056	Gut	Stool	Female
SRS1055057	Skin	Anterior_nares	Female
SRS1055058	Vaginal	Posterior_fornix	Female
SRS1055059	Oral	Tongue_dorsum	Female
SRS1055060	Oral	Buccal_mucosa	Female
SRS1055061	Oral	Buccal_mucosa	Female
SRS1055063	Oral	Tongue_dorsum	Female
SRS1055064	Oral	Buccal_mucosa	Female
SRS1055065	Oral	Supragingival_plaque	Female
SRS1055066	Vaginal	Posterior_fornix	Female
SRS1055067	Gut	Stool	Female
SRS1055069	Gut	Stool	Female
SRS1055071	Oral	Tongue_dorsum	Female
SRS1055072	Oral	Buccal_mucosa	Female
SRS1055073	Oral	Supragingival_plaque	Female
SRS1055074	Skin	Anterior_nares	Female
SRS1055075	Vaginal	Posterior_fornix	Female
SRS1055076	Gut	Stool	Female
SRS1055078	Oral	Tongue_dorsum	Female
SRS1055080	Oral	Buccal_mucosa	Female
SRS1055081	Skin	Anterior_nares	Female
SRS1055082	Vaginal	Posterior_fornix	Female
SRS1055083	Gut	Stool	Female
SRS1055084	Oral	Tongue_dorsum	Female
SRS1055085	Oral	Buccal_mucosa	Female
SRS1055086	Oral	Supragingival_plaque	Female
SRS1055087	Skin	Anterior_nares	Female
SRS1055088	Vaginal	Posterior_fornix	Female
SRS1055090	Oral	Buccal_mucosa	Female
SRS1055091	Oral	Supragingival_plaque	Female
SRS1055092	Skin	Anterior_nares	Female
SRS1055094	Vaginal	Posterior_fornix	Female
SRS1055095	Gut	Stool	Male
SRS1055097	Oral	Tongue_dorsum	Male
SRS1055098	Oral	Supragingival_plaque	Male
SRS1055099	Gut	Stool	Female
SRS1055100	Oral	Buccal_mucosa	Female
SRS1055101	Oral	Tongue_dorsum	Female
SRS1055102	Skin	Anterior_nares	Female
SRS1055103	Vaginal	Posterior_fornix	Female
SRS140492	Gut	Stool	Female
SRS140513	Gut	Stool	Female
SRS140534	Vaginal	Posterior_fornix	Female
SRS140645	Gut	Stool	Female
SRS140651	Oral	Tongue_dorsum	Female
SRS140653	Oral	Buccal_mucosa	Female
SRS140663	Skin	Anterior_nares	Female
SRS140666	Vaginal	Posterior_fornix	Female
SRS142483	Oral	Supragingival_plaque	Female
SRS142501	Vaginal	Posterior_fornix	Female
SRS142503	Gut	Stool	Female
SRS142521	Vaginal	Posterior_fornix	Female
SRS142527	Oral	Tongue_dorsum	Female
SRS142531	Oral	Buccal_mucosa	Female
SRS142542	Gut	Stool	Female
SRS142545	Oral	Tongue_dorsum	Female
SRS142547	Oral	Buccal_mucosa	Female
SRS142551	Oral	Supragingival_plaque	Female
SRS142557	Skin	Anterior_nares	Female
SRS142560	Vaginal	Posterior_fornix	Female
SRS142599	Gut	Stool	Female
SRS142602	Oral	Tongue_dorsum	Female
SRS142608	Oral	Supragingival_plaque	Female
SRS142618	Gut	Stool	Female
SRS142660	Oral	Buccal_mucosa	Female
SRS142664	Oral	Supragingival_plaque	Female
SRS142680	Oral	Tongue_dorsum	Female
SRS142710	Vaginal	Posterior_fornix	Female
SRS142712	Gut	Stool	Female
SRS142781	Gut	Stool	Female
SRS142787	Oral	Tongue_dorsum	Female
SRS142791	Oral	Buccal_mucosa	Female
SRS142879	Oral	Buccal_mucosa	Male
SRS142883	Oral	Supragingival_plaque	Male
SRS142890	Gut	Stool	Male
SRS142896	Oral	Tongue_dorsum	Male
SRS142907	Oral	Supragingival_plaque	Male
SRS142921	Gut	Stool	Male
SRS142923	Gut	Stool	Female
SRS142928	Skin	Anterior_nares	Female
SRS142936	Oral	Buccal_mucosa	Female
SRS142957	Vaginal	Mid_vagina	Female
SRS142959	Vaginal	Posterior_fornix	Female
SRS142965	Oral	Tongue_dorsum	Female
SRS142968	Oral	Buccal_mucosa	Female
SRS142973	Oral	Palatine_Tonsils	Female
SRS142975	Oral	Throat	Female
SRS142980	Gut	Stool	Female
SRS143014	Vaginal	Mid_vagina	Female
SRS143016	Vaginal	Posterior_fornix	Female
SRS143022	Oral	Tongue_dorsum	Female
SRS143032	Oral	Throat	Female
SRS143036	Oral	Subgingival_plaque	Female
SRS143037	Oral	Tongue_dorsum	Male
SRS143039	Oral	Buccal_mucosa	Male
SRS143050	Skin	Anterior_nares	Male
SRS143062	Oral	Palatine_Tonsils	Male
SRS143068	Oral	Subgingival_plaque	Male
SRS143070	Gut	Stool	Male
SRS143085	Gut	Stool	Male
SRS143088	Oral	Tongue_dorsum	Male
SRS143090	Oral	Buccal_mucosa	Male
SRS143094	Oral	Supragingival_plaque	Male
SRS143100	Skin	Anterior_nares	Male
SRS143135	Oral	Tongue_dorsum	Male
SRS143137	Oral	Buccal_mucosa	Male
SRS143141	Oral	Supragingival_plaque	Male
SRS143147	Skin	Anterior_nares	Male
SRS143148	Gut	Stool	Male
SRS143181	Gut	Stool	Male
SRS143210	Oral	Palatine_Tonsils	Male
SRS143214	Oral	Keratinized_gingiva	Male
SRS143216	Oral	Supragingival_plaque	Male
SRS143218	Oral	Subgingival_plaque	Male
SRS143228	Skin	Anterior_nares	Male
SRS143231	Oral	Tongue_dorsum	Female
SRS143233	Oral	Buccal_mucosa	Female
SRS143247	Vaginal	Posterior_fornix	Female
SRS143253	Oral	Tongue_dorsum	Female
SRS143290	Oral	Buccal_mucosa	Female
SRS143310	Oral	Tongue_dorsum	Female
SRS143340	Vaginal	Posterior_fornix	Female
SRS143342	Gut	Stool	Female
SRS143354	Oral	Tongue_dorsum	Female
SRS143356	Oral	Buccal_mucosa	Female
SRS143360	Oral	Supragingival_plaque	Female
SRS143372	Gut	Stool	Female
SRS143378	Vaginal	Posterior_fornix	Female
SRS143415	Skin	Anterior_nares	Male
SRS143417	Gut	Stool	Male
SRS143423	Oral	Tongue_dorsum	Male
SRS143427	Oral	Buccal_mucosa	Male
SRS143450	Oral	Tongue_dorsum	Female
SRS143452	Oral	Buccal_mucosa	Female
SRS143462	Skin	Anterior_nares	Female
SRS143465	Vaginal	Posterior_fornix	Female
SRS143466	Gut	Stool	Female
SRS143509	Oral	Buccal_mucosa	Female
SRS143523	Gut	Stool	Female
SRS143529	Oral	Tongue_dorsum	Female
SRS143537	Oral	Palatine_Tonsils	Female
SRS143565	Skin	R_Antecubital_fossa	Female
SRS143566	Skin	Anterior_nares	Female
SRS143596	Vaginal	Posterior_fornix	Female
SRS143598	Gut	Stool	Female
SRS143604	Oral	Tongue_dorsum	Female
SRS143608	Oral	Buccal_mucosa	Female
SRS143616	Oral	Supragingival_plaque	Female
SRS143678	Oral	Tongue_dorsum	Male
SRS143680	Oral	Buccal_mucosa	Male
SRS143684	Oral	Supragingival_plaque	Male
SRS143690	Skin	Anterior_nares	Male
SRS143722	Gut	Stool	Male
SRS143726	Oral	Tongue_dorsum	Female
SRS143728	Oral	Buccal_mucosa	Female
SRS143729	Oral	Keratinized_gingiva	Female
SRS143732	Oral	Supragingival_plaque	Female
SRS143738	Skin	Anterior_nares	Female
SRS143739	Vaginal	Vaginal_introitus	Female
SRS143747	Oral	Tongue_dorsum	Female
SRS143751	Oral	Buccal_mucosa	Female
SRS143756	Oral	Palatine_Tonsils	Female
SRS143759	Oral	Supragingival_plaque	Female
SRS143762	Oral	Subgingival_plaque	Female
SRS143776	Vaginal	Mid_vagina	Female
SRS143778	Vaginal	Posterior_fornix	Female
SRS143780	Gut	Stool	Female
SRS143832	Oral	Buccal_mucosa	Male
SRS143841	Skin	Anterior_nares	Male
SRS143850	Oral	Tongue_dorsum	Male
SRS143851	Oral	Buccal_mucosa	Male
SRS143872	Oral	Supragingival_plaque	Male
SRS143876	Gut	Stool	Male
SRS143879	Oral	Tongue_dorsum	Female
SRS143881	Oral	Buccal_mucosa	Female
SRS143885	Oral	Supragingival_plaque	Female
SRS143891	Skin	Anterior_nares	Female
SRS143894	Vaginal	Posterior_fornix	Female
SRS143895	Gut	Stool	Female
SRS143991	Gut	Stool	Male
SRS143996	Oral	Buccal_mucosa	Male
SRS144000	Oral	Supragingival_plaque	Male
SRS144007	Gut	Stool	Male
SRS144014	Oral	Tongue_dorsum	Male
SRS144017	Oral	Buccal_mucosa	Male
SRS144026	Oral	Supragingival_plaque	Male
SRS144038	Skin	Anterior_nares	Male
SRS144090	Oral	Tongue_dorsum	Male
SRS144092	Oral	Buccal_mucosa	Male
SRS144096	Oral	Supragingival_plaque	Male
SRS144102	Skin	Anterior_nares	Male
SRS144113	Oral	Buccal_mucosa	Male
SRS144116	Oral	Keratinized_gingiva	Male
SRS144121	Oral	Supragingival_plaque	Male
SRS144124	Oral	Subgingival_plaque	Male
SRS144135	Gut	Stool	Male
SRS144140	Oral	Buccal_mucosa	Male
SRS144144	Oral	Supragingival_plaque	Male
SRS144183	Gut	Stool	Female
SRS144194	Oral	Tongue_dorsum	Female
SRS144196	Oral	Buccal_mucosa	Female
SRS144219	Vaginal	Posterior_fornix	Female
SRS144237	Oral	Supragingival_plaque	Female
SRS144297	Gut	Stool	Male
SRS144300	Oral	Tongue_dorsum	Male
SRS144302	Oral	Buccal_mucosa	Male
SRS144306	Oral	Supragingival_plaque	Male
SRS144312	Skin	Anterior_nares	Male
SRS144362	Gut	Stool	Male
SRS144368	Oral	Tongue_dorsum	Male
SRS144372	Oral	Buccal_mucosa	Male
SRS144374	Oral	Keratinized_gingiva	Male
SRS144376	Oral	Palatine_Tonsils	Male
SRS144378	Oral	Throat	Male
SRS144380	Oral	Supragingival_plaque	Male
SRS144382	Oral	Subgingival_plaque	Male
SRS144393	Gut	Stool	Male
SRS144398	Oral	Buccal_mucosa	Male
SRS144402	Oral	Supragingival_plaque	Male
SRS144408	Skin	Anterior_nares	Male
SRS144424	Oral	Palatine_Tonsils	Male
SRS144427	Oral	Supragingival_plaque	Male
SRS144494	Oral	Buccal_mucosa	Male
SRS144506	Gut	Stool	Male
SRS144512	Oral	Tongue_dorsum	Male
SRS144515	Oral	Buccal_mucosa	Male
SRS144537	Gut	Stool	Male
SRS144542	Oral	Buccal_mucosa	Male
SRS144546	Oral	Supragingival_plaque	Male
SRS144560	Oral	Tongue_dorsum	Male
SRS144589	Oral	Buccal_mucosa	Female
SRS144603	Gut	Stool	Female
SRS144609	Oral	Tongue_dorsum	Female
SRS144621	Oral	Supragingival_plaque	Female
SRS144639	Vaginal	Posterior_fornix	Female
SRS144644	Oral	Tongue_dorsum	Female
SRS144646	Oral	Buccal_mucosa	Female
SRS144649	Oral	Throat	Female
SRS144669	Oral	Buccal_mucosa	Female
SRS144674	Oral	Palatine_Tonsils	Female
SRS144694	Vaginal	Mid_vagina	Female
SRS144701	Oral	Tongue_dorsum	Male
SRS144703	Oral	Buccal_mucosa	Male
SRS144707	Oral	Supragingival_plaque	Male
SRS144713	Skin	Anterior_nares	Male
SRS144714	Gut	Stool	Male
SRS144753	Gut	Stool	Female
SRS144759	Oral	Tongue_dorsum	Female
SRS144761	Oral	Buccal_mucosa	Female
SRS144765	Oral	Supragingival_plaque	Female
SRS144774	Vaginal	Posterior_fornix	Female
SRS145308	Gut	Stool	Male
SRS145497	Gut	Stool	Female
SRS145503	Oral	Tongue_dorsum	Female
SRS145505	Oral	Buccal_mucosa	Female
SRS145509	Oral	Supragingival_plaque	Female
SRS145515	Skin	Anterior_nares	Female
SRS145518	Vaginal	Posterior_fornix	Female
SRS146731	Skin	Anterior_nares	Male
SRS146738	Oral	Tongue_dorsum	Male
SRS146746	Oral	Palatine_Tonsils	Male
SRS146750	Oral	Supragingival_plaque	Male
SRS146761	Skin	Anterior_nares	Male
SRS146764	Gut	Stool	Male
SRS146767	Oral	Tongue_dorsum	Male
SRS146769	Oral	Buccal_mucosa	Male
SRS146773	Oral	Supragingival_plaque	Male
SRS146779	Skin	Anterior_nares	Male
SRS146785	Oral	Tongue_dorsum	Male
SRS146797	Oral	Supragingival_plaque	Male
SRS146812	Gut	Stool	Male
SRS146813	Gut	Stool	Female
SRS146818	Skin	Anterior_nares	Female
SRS146824	Oral	Tongue_dorsum	Female
SRS146826	Oral	Buccal_mucosa	Female
SRS146830	Oral	Supragingival_plaque	Female
SRS146832	Gut	Stool	Female
SRS146847	Vaginal	Mid_vagina	Female
SRS146849	Vaginal	Posterior_fornix	Female
SRS146854	Oral	Tongue_dorsum	Female
SRS146866	Oral	Supragingival_plaque	Female
SRS146874	Oral	Buccal_mucosa	Female
SRS146878	Oral	Supragingival_plaque	Female
SRS146888	Gut	Stool	Female
SRS146894	Oral	Tongue_dorsum	Female
SRS146924	Vaginal	Posterior_fornix	Female
SRS146979	Oral	Buccal_mucosa	Male
SRS146989	Skin	Anterior_nares	Male
SRS146996	Oral	Tongue_dorsum	Male
SRS146999	Oral	Buccal_mucosa	Male
SRS147022	Gut	Stool	Male
SRS147039	Gut	Stool	Male
SRS147045	Oral	Tongue_dorsum	Male
SRS147049	Oral	Buccal_mucosa	Male
SRS147057	Oral	Supragingival_plaque	Male
SRS147076	Oral	Buccal_mucosa	Male
SRS147088	Gut	Stool	Male
SRS147094	Oral	Tongue_dorsum	Male
SRS147106	Oral	Supragingival_plaque	Male
SRS147120	Oral	Tongue_dorsum	Female
SRS147122	Oral	Buccal_mucosa	Female
SRS147126	Oral	Saliva	Female
SRS147128	Oral	Supragingival_plaque	Female
SRS147134	Skin	Anterior_nares	Female
SRS147139	Gut	Stool	Female
SRS147140	Oral	Tongue_dorsum	Female
SRS147144	Oral	Buccal_mucosa	Female
SRS147149	Oral	Palatine_Tonsils	Female
SRS147151	Oral	Throat	Female
SRS147168	Skin	Anterior_nares	Female
SRS147175	Vaginal	Posterior_fornix	Female
SRS147178	Oral	Tongue_dorsum	Male
SRS147180	Oral	Buccal_mucosa	Male
SRS147184	Oral	Supragingival_plaque	Male
SRS147226	Oral	Tongue_dorsum	Male
SRS147228	Oral	Buccal_mucosa	Male
SRS147238	Skin	Anterior_nares	Male
SRS147244	Oral	Tongue_dorsum	Male
SRS147268	Skin	Anterior_nares	Male
SRS147271	Gut	Stool	Male
SRS147272	Gut	Stool	Female
SRS147281	Oral	Supragingival_plaque	Female
SRS147287	Skin	Anterior_nares	Female
SRS147290	Vaginal	Posterior_fornix	Female
SRS147334	Oral	Buccal_mucosa	Male
SRS147338	Oral	Supragingival_plaque	Male
SRS147346	Gut	Stool	Male
SRS147355	Oral	Buccal_mucosa	Male
SRS147377	Gut	Stool	Male
SRS147380	Oral	Tongue_dorsum	Male
SRS147386	Oral	Supragingival_plaque	Male
SRS147392	Skin	Anterior_nares	Male
SRS147425	Gut	Stool	Female
SRS147433	Vaginal	Posterior_fornix	Female
SRS147436	Oral	Tongue_dorsum	Female
SRS147438	Oral	Buccal_mucosa	Female
SRS147442	Oral	Supragingival_plaque	Female
SRS147445	Gut	Stool	Female
SRS147466	Oral	Tongue_dorsum	Female
SRS147541	Oral	Tongue_dorsum	Female
SRS147547	Oral	Supragingival_plaque	Female
SRS147556	Vaginal	Posterior_fornix	Female
SRS147557	Gut	Stool	Female
SRS147614	Gut	Stool	Female
SRS147652	Gut	Stool	Female
SRS147653	Gut	Stool	Female
SRS147661	Vaginal	Posterior_fornix	Female
SRS147664	Oral	Tongue_dorsum	Female
SRS147670	Oral	Supragingival_plaque	Female
SRS147712	Oral	Tongue_dorsum	Female
SRS147714	Oral	Buccal_mucosa	Female
SRS147718	Oral	Supragingival_plaque	Female
SRS147724	Skin	Anterior_nares	Female
SRS147727	Vaginal	Posterior_fornix	Female
SRS147745	Oral	Supragingival_plaque	Female
SRS147766	Gut	Stool	Female
SRS147871	Oral	Supragingival_plaque	Female
SRS147880	Vaginal	Posterior_fornix	Female
SRS147887	Oral	Tongue_dorsum	Female
SRS147919	Gut	Stool	Female
SRS147933	Oral	Buccal_mucosa	Female
SRS147937	Oral	Supragingival_plaque	Female
SRS147950	Skin	Anterior_nares	Female
SRS147977	Gut	Stool	Female
SRS147980	Oral	Tongue_dorsum	Female
SRS148091	Gut	Stool	Male
SRS148096	Oral	Buccal_mucosa	Male
SRS148145	Vaginal	Vaginal_introitus	Female
SRS148146	Vaginal	Mid_vagina	Female
SRS148147	Vaginal	Posterior_fornix	Female
SRS148150	Oral	Tongue_dorsum	Female
SRS148152	Oral	Buccal_mucosa	Female
SRS148157	Oral	Subgingival_plaque	Female
SRS148159	Gut	Stool	Female
SRS148180	Oral	Tongue_dorsum	Female
SRS148193	Oral	Supragingival_plaque	Female
SRS148196	Gut	Stool	Female
SRS148202	Oral	Keratinized_gingiva	Female
SRS148205	Oral	Supragingival_plaque	Female
SRS148214	Vaginal	Posterior_fornix	Female
SRS148215	Gut	Stool	Female
SRS148253	Gut	Stool	Male
SRS148258	Oral	Buccal_mucosa	Male
SRS148262	Oral	Supragingival_plaque	Male
SRS148284	Oral	Palatine_Tonsils	Male
SRS148287	Oral	Supragingival_plaque	Male
SRS148290	Oral	Subgingival_plaque	Male
SRS148303	Oral	Tongue_dorsum	Female
SRS148318	Vaginal	Posterior_fornix	Female
SRS148319	Gut	Stool	Female
SRS148361	Oral	Tongue_dorsum	Male
SRS148363	Oral	Buccal_mucosa	Male
SRS148367	Oral	Supragingival_plaque	Male
SRS148373	Skin	Anterior_nares	Male
SRS148408	Oral	Tongue_dorsum	Female
SRS148414	Oral	Supragingival_plaque	Female
SRS148420	Skin	Anterior_nares	Female
SRS148423	Vaginal	Posterior_fornix	Female
SRS148424	Gut	Stool	Female
SRS148429	Oral	Tongue_dorsum	Female
SRS148453	Skin	Anterior_nares	Female
SRS148459	Vaginal	Posterior_fornix	Female
SRS148461	Gut	Stool	Female
SRS148472	Oral	Supragingival_plaque	Male
SRS148511	Gut	Stool	Female
SRS148514	Oral	Tongue_dorsum	Female
SRS148516	Oral	Buccal_mucosa	Female
SRS148520	Oral	Supragingival_plaque	Female
SRS148529	Vaginal	Posterior_fornix	Female
SRS148676	Oral	Tongue_dorsum	Male
SRS148721	Gut	Stool	Male
SRS148724	Oral	Tongue_dorsum	Male
SRS148726	Oral	Buccal_mucosa	Male
SRS148730	Oral	Supragingival_plaque	Male
SRS148736	Skin	Anterior_nares	Male
SRS148771	Oral	Tongue_dorsum	Male
SRS148773	Oral	Buccal_mucosa	Male
SRS148777	Oral	Supragingival_plaque	Male
SRS148783	Skin	Anterior_nares	Male
SRS148784	Gut	Stool	Male
SRS148817	Gut	Stool	Female
SRS148820	Oral	Tongue_dorsum	Female
SRS148822	Oral	Buccal_mucosa	Female
SRS148826	Oral	Supragingival_plaque	Female
SRS148832	Skin	Anterior_nares	Female
SRS148835	Vaginal	Posterior_fornix	Female
SRS148874	Gut	Stool	Male
SRS148877	Oral	Tongue_dorsum	Male
SRS148879	Oral	Buccal_mucosa	Male
SRS148970	Gut	Stool	Male
SRS148973	Oral	Tongue_dorsum	Male
SRS148975	Oral	Buccal_mucosa	Male
SRS148979	Oral	Supragingival_plaque	Male
SRS149075	Gut	Stool	Female
SRS149078	Oral	Tongue_dorsum	Female
SRS149084	Oral	Supragingival_plaque	Female
SRS149090	Skin	Anterior_nares	Female
SRS149093	Vaginal	Posterior_fornix	Female
SRS149137	Oral	Buccal_mucosa	Male
SRS149181	Gut	Stool	Male
SRS149184	Oral	Tongue_dorsum	Male
SRS149186	Oral	Buccal_mucosa	Male
SRS149190	Oral	Supragingival_plaque	Male
SRS149196	Skin	Anterior_nares	Male
SRS149231	Oral	Tongue_dorsum	Male
SRS149237	Oral	Supragingival_plaque	Male
SRS149244	Gut	Stool	Male
SRS149280	Oral	Tongue_dorsum	Male
SRS149282	Oral	Buccal_mucosa	Male
SRS149286	Oral	Supragingival_plaque	Male
SRS149325	Gut	Stool	Female
SRS149328	Oral	Tongue_dorsum	Female
SRS149330	Oral	Buccal_mucosa	Female
SRS149334	Oral	Supragingival_plaque	Female
SRS149343	Vaginal	Posterior_fornix	Female
SRS149486	Oral	Tongue_dorsum	Male
SRS149488	Oral	Buccal_mucosa	Male
SRS149492	Oral	Supragingival_plaque	Male
SRS149579	Oral	Tongue_dorsum	Female
SRS149581	Oral	Buccal_mucosa	Female
SRS149585	Oral	Supragingival_plaque	Female
SRS149594	Vaginal	Posterior_fornix	Female
SRS149647	Oral	Supragingival_plaque	Female
SRS149665	Vaginal	Posterior_fornix	Female
SRS149671	Oral	Tongue_dorsum	Female
SRS149690	Oral	Tongue_dorsum	Female
SRS149696	Oral	Supragingival_plaque	Female
SRS149720	Oral	Tongue_dorsum	Male
SRS149722	Oral	Buccal_mucosa	Male
SRS149770	Oral	Buccal_mucosa	Female
SRS149783	Vaginal	Posterior_fornix	Female
SRS149784	Gut	Stool	Female
SRS149878	Vaginal	Posterior_fornix	Female
SRS149879	Gut	Stool	Female
SRS149882	Oral	Tongue_dorsum	Female
SRS149932	Skin	Anterior_nares	Male
SRS149938	Oral	Buccal_mucosa	Male
SRS149961	Oral	Tongue_dorsum	Male
SRS149973	Oral	Supragingival_plaque	Male
SRS150029	Gut	Stool	Male
SRS150032	Oral	Tongue_dorsum	Male
SRS150034	Oral	Buccal_mucosa	Male
SRS886672	Vaginal	Posterior_fornix	Female
SRS886673	Skin	Anterior_nares	Female
SRS886676	Skin	Anterior_nares	Male
SRS886691	Oral	Buccal_mucosa	Male
SRS886694	Vaginal	Posterior_fornix	Female
SRS886697	Vaginal	Posterior_fornix	Female
SRS886699	Oral	Tongue_dorsum	Female
SRS886701	Gut	Stool	Female
SRS892836	Vaginal	Posterior_fornix	Female
SRS892882	Gut	Stool	Female
SRS893009	Gut	Stool	Female
SRS893170	Gut	Stool	Female
SRS893172	Gut	Stool	Female
SRS893173	Oral	Tongue_dorsum	Female
SRS893174	Oral	Buccal_mucosa	Female
SRS893175	Oral	Tongue_dorsum	Female
SRS893187	Gut	Stool	Female
SRS893227	Oral	Tongue_dorsum	Female
SRS893229	Oral	Supragingival_plaque	Female
SRS893230	Gut	Stool	Female
SRS893231	Gut	Stool	Female
SRS893232	Oral	Supragingival_plaque	Female
SRS893233	Oral	Buccal_mucosa	Female
SRS893234	Vaginal	Posterior_fornix	Female
SRS893251	Skin	Anterior_nares	Female
SRS893252	Gut	Stool	Male
SRS893253	Gut	Stool	Female
SRS893254	Oral	Tongue_dorsum	Female
SRS893255	Oral	Buccal_mucosa	Male
SRS893256	Gut	Stool	Female
SRS893257	Oral	Buccal_mucosa	Female
SRS893258	Oral	Supragingival_plaque	Female
SRS893259	Gut	Stool	Male
SRS893260	Oral	Tongue_dorsum	Male
SRS893262	Vaginal	Posterior_fornix	Female
SRS893270	Gut	Stool	Male
SRS893272	Oral	Tongue_dorsum	Male
SRS893273	Oral	Buccal_mucosa	Male
SRS893274	Oral	Tongue_dorsum	Male
SRS893275	Skin	Anterior_nares	Male
SRS893276	Oral	Buccal_mucosa	Male
SRS893277	Oral	Buccal_mucosa	Male
SRS893278	Oral	Buccal_mucosa	Male
SRS893279	Gut	Stool	Male
SRS893280	Oral	Supragingival_plaque	Male
SRS893281	Oral	Supragingival_plaque	Male
SRS893282	Oral	Supragingival_plaque	Male
SRS893283	Oral	Supragingival_plaque	Female
SRS893284	Oral	Buccal_mucosa	Male
SRS893285	Gut	Stool	Female
SRS893286	Oral	Buccal_mucosa	Male
SRS893287	Vaginal	Posterior_fornix	Female
SRS893288	Gut	Stool	Male
SRS893289	Oral	Tongue_dorsum	Female
SRS893290	Oral	Tongue_dorsum	Male
SRS893291	Oral	Tongue_dorsum	Male
SRS893292	Gut	Stool	Male
SRS893294	Skin	Anterior_nares	Male
SRS893295	Gut	Stool	Male
SRS893296	Skin	Anterior_nares	Male
SRS893297	Oral	Buccal_mucosa	Female
SRS893298	Oral	Supragingival_plaque	Male
SRS893299	Oral	Supragingival_plaque	Female
SRS893300	Gut	Stool	Male
SRS893301	Oral	Buccal_mucosa	Male
SRS893318	Oral	Supragingival_plaque	Female
SRS893319	Skin	Anterior_nares	Male
SRS893320	Vaginal	Posterior_fornix	Female
SRS893321	Oral	Tongue_dorsum	Male
SRS893322	Oral	Tongue_dorsum	Male
SRS893323	Oral	Buccal_mucosa	Female
SRS893324	Oral	Tongue_dorsum	Female
SRS893325	Oral	Supragingival_plaque	Female
SRS893326	Skin	Anterior_nares	Male
SRS893327	Gut	Stool	Male
SRS893328	Oral	Supragingival_plaque	Male
SRS893329	Skin	Anterior_nares	Male
SRS893330	Oral	Buccal_mucosa	Male
SRS893332	Oral	Tongue_dorsum	Male
SRS893333	Oral	Supragingival_plaque	Female
SRS893334	Oral	Buccal_mucosa	Female
SRS893335	Oral	Supragingival_plaque	Male
SRS893336	Oral	Buccal_mucosa	Male
SRS893337	Oral	Buccal_mucosa	Female
SRS893338	Oral	Supragingival_plaque	Male
SRS893339	Oral	Supragingival_plaque	Female
SRS893340	Skin	Anterior_nares	Female
SRS893341	Gut	Stool	Female
SRS893342	Gut	Stool	Female
SRS893343	Skin	Anterior_nares	Female
SRS893344	Vaginal	Posterior_fornix	Female
SRS893346	Oral	Tongue_dorsum	Male
SRS893347	Oral	Supragingival_plaque	Female
SRS893348	Oral	Tongue_dorsum	Female
SRS893349	Oral	Buccal_mucosa	Female
SRS893350	Oral	Tongue_dorsum	Female
SRS893351	Skin	Anterior_nares	Female
SRS893352	Oral	Tongue_dorsum	Female
SRS893353	Oral	Tongue_dorsum	Female
SRS893354	Oral	Buccal_mucosa	Female
SRS893355	Oral	Supragingival_plaque	Female
SRS893356	Skin	Anterior_nares	Female
SRS893357	Vaginal	Posterior_fornix	Female
SRS893358	Gut	Stool	Female
SRS893359	Oral	Tongue_dorsum	Female
SRS893360	Oral	Buccal_mucosa	Female
SRS893361	Oral	Supragingival_plaque	Female
SRS893362	Oral	Buccal_mucosa	Female
SRS893363	Oral	Tongue_dorsum	Female
SRS893364	Vaginal	Posterior_fornix	Female
SRS893365	Oral	Tongue_dorsum	Female
SRS893366	Gut	Stool	Female
SRS893367	Skin	Anterior_nares	Female
SRS893368	Oral	Buccal_mucosa	Female
SRS893369	Gut	Stool	Female
SRS893371	Oral	Tongue_dorsum	Female
SRS893372	Skin	Anterior_nares	Female
SRS893373	Gut	Stool	Female
SRS893374	Oral	Supragingival_plaque	Female
SRS893375	Skin	Anterior_nares	Male
SRS893376	Oral	Supragingival_plaque	Male
SRS893377	Oral	Tongue_dorsum	Female
SRS893378	Gut	Stool	Female
SRS893379	Oral	Tongue_dorsum	Male
SRS893380	Gut	Stool	Male
SRS893381	Oral	Buccal_mucosa	Male
SRS893382	Gut	Stool	Male
SRS893383	Gut	Stool	Female
SRS893384	Skin	Anterior_nares	Male
SRS893385	Oral	Supragingival_plaque	Female
SRS971275	Gut	Stool	Female
SRS971276	Gut	Stool	Female
SRS971277	Oral	Tongue_dorsum	Female
SRS971427	Skin	Anterior_nares	Male
SRS971428	Skin	Anterior_nares	Female
